STATE,COUNTY,FIPS,DEM,GOP,OTH,YEAR
AL,autauga,1001,4942,11993,273,2000
AL,baldwin,1003,13997,40872,1611,2000
AL,barbour,1005,5188,5096,111,2000
AL,bibb,1007,2710,4273,118,2000
AL,blount,1009,4977,12667,329,2000
AL,bullock,1011,3395,1433,76,2000
AL,butler,1013,3606,4127,70,2000
AL,calhoun,1015,15781,22306,822,2000
AL,chambers,1017,5616,6037,181,2000
AL,cherokee,1019,3497,4154,172,2000
AL,chilton,1021,4806,10066,220,2000
AL,choctaw,1023,3707,3600,67,2000
AL,clarke,1025,4679,5988,85,2000
AL,clay,1027,2045,3719,119,2000
AL,cleburne,1029,1664,3333,95,2000
AL,coffee,1031,5220,9938,276,2000
AL,colbert,1033,10543,10518,471,2000
AL,conecuh,1035,2783,2699,69,2000
AL,coosa,1037,2104,2382,81,2000
AL,covington,1039,4440,8961,212,2000
AL,crenshaw,1041,1934,2793,68,2000
AL,cullman,1043,9758,19157,610,2000
AL,dale,1045,4906,10593,307,2000
AL,dallas,1047,10967,7360,137,2000
AL,dekalb,1049,7056,12827,402,2000
AL,elmore,1051,6652,16777,375,2000
AL,escambia,1053,4523,6975,162,2000
AL,etowah,1055,17433,21087,828,2000
AL,fayette,1057,3064,4582,162,2000
AL,franklin,1059,4793,6119,191,2000
AL,geneva,1061,2769,6588,202,2000
AL,greene,1063,3504,850,42,2000
AL,hale,1065,4652,2984,95,2000
AL,henry,1067,2782,4054,96,2000
AL,houston,1069,9412,22150,495,2000
AL,jackson,1071,9066,8475,365,2000
AL,jefferson,1073,129889,138491,5383,2000
AL,lamar,1075,2653,4470,126,2000
AL,lauderdale,1077,13875,17478,784,2000
AL,lawrence,1079,6296,5671,218,2000
AL,lee,1081,14574,22433,1257,2000
AL,limestone,1083,8992,14204,438,2000
AL,lowndes,1085,4557,1638,48,2000
AL,macon,1087,7665,1091,75,2000
AL,madison,1089,48199,62151,2968,2000
AL,marengo,1091,4841,4690,77,2000
AL,marion,1093,4600,6910,246,2000
AL,marshall,1095,10381,17084,524,2000
AL,mobile,1097,58640,78162,2943,2000
AL,monroe,1099,3741,5153,57,2000
AL,montgomery,1101,40371,38827,1130,2000
AL,morgan,1103,16060,25774,847,2000
AL,perry,1105,4020,1732,35,2000
AL,pickens,1107,4143,4306,91,2000
AL,pike,1109,4357,6058,129,2000
AL,randolph,1111,3094,4666,159,2000
AL,russell,1113,8396,6198,181,2000
AL,st. clair,1115,6485,17117,488,2000
AL,shelby,1117,13183,47651,1294,2000
AL,sumter,1119,4415,1629,44,2000
AL,talladega,1121,11264,13807,380,2000
AL,tallapoosa,1123,6183,9805,265,2000
AL,tuscaloosa,1125,24614,34003,1497,2000
AL,walker,1127,11621,13486,534,2000
AL,washington,1129,3386,4117,93,2000
AL,wilcox,1131,3444,1661,21,2000
AL,winston,1133,2692,6413,213,2000
AZ,apache,4001,13025,5947,461,2000
AZ,cochise,4003,13360,18180,1664,2000
AZ,coconino,4005,20280,17562,3041,2000
AZ,gila,4007,7700,9158,878,2000
AZ,graham,4009,3355,6007,302,2000
AZ,greenlee,4011,1216,1619,125,2000
AZ,la paz,4012,1769,2543,171,2000
AZ,maricopa,4013,386683,479967,33158,2000
AZ,mohave,4015,17470,24386,2285,2000
AZ,navajo,4017,11794,12386,967,2000
AZ,pima,4019,147688,124579,15373,2000
AZ,pinal,4021,19650,20122,1518,2000
AZ,yavapai,4025,24063,40144,3875,2000
AZ,yuma,4027,12055,15708,889,2000
AR,arkansas,5001,2877,3353,142,2000
AR,ashley,5003,4253,3876,142,2000
AR,baxter,5005,6516,9538,654,2000
AR,benton,5007,17277,34838,1531,2000
AR,boone,5009,4493,8569,573,2000
AR,bradley,5011,2122,1793,64,2000
AR,calhoun,5013,1017,1128,40,2000
AR,carroll,5015,3595,5556,439,2000
AR,chicot,5017,2820,1564,68,2000
AR,clark,5019,4661,3776,189,2000
AR,clay,5021,3527,2254,119,2000
AR,cleburne,5023,4120,5730,357,2000
AR,cleveland,5025,1414,1678,89,2000
AR,columbia,5027,4003,5018,286,2000
AR,conway,5029,3496,3545,193,2000
AR,craighead,5031,12376,12158,623,2000
AR,crawford,5033,6288,10804,533,2000
AR,crittenden,5035,7224,5857,153,2000
AR,cross,5037,3096,3033,86,2000
AR,dallas,5039,1710,1571,44,2000
AR,desha,5041,2776,1603,116,2000
AR,drew,5043,3060,2756,106,2000
AR,faulkner,5045,11950,16055,1211,2000
AR,franklin,5047,2674,3277,189,2000
AR,fulton,5049,1976,2036,96,2000
AR,garland,5051,15840,19098,997,2000
AR,grant,5053,2535,3285,193,2000
AR,greene,5055,6319,5831,334,2000
AR,hempstead,5057,3937,3257,95,2000
AR,hot spring,5059,5527,5042,412,2000
AR,howard,5061,2063,2326,70,2000
AR,independence,5063,5146,6145,303,2000
AR,izard,5065,2587,2301,144,2000
AR,jackson,5067,3651,2280,141,2000
AR,jefferson,5069,17716,8765,720,2000
AR,johnson,5071,3270,3657,234,2000
AR,lafayette,5073,1806,1538,39,2000
AR,lawrence,5075,3255,2626,159,2000
AR,lee,5077,2727,1351,43,2000
AR,lincoln,5079,1957,1526,63,2000
AR,little river,5081,2883,2283,97,2000
AR,logan,5083,3283,4487,326,2000
AR,lonoke,5085,6851,10606,486,2000
AR,madison,5087,2055,3387,186,2000
AR,marion,5089,2233,3402,380,2000
AR,miller,5091,6278,7276,191,2000
AR,mississippi,5093,7107,5199,280,2000
AR,monroe,5095,1910,1329,54,2000
AR,montgomery,5097,1438,2128,173,2000
AR,nevada,5099,1867,1796,75,2000
AR,newton,5101,1205,2529,193,2000
AR,ouachita,5103,5464,4739,192,2000
AR,perry,5105,1648,2114,245,2000
AR,phillips,5107,6018,3154,141,2000
AR,pike,5109,1604,2275,92,2000
AR,poinsett,5111,4102,2988,145,2000
AR,polk,5113,2315,4600,278,2000
AR,pope,5115,6669,11244,509,2000
AR,prairie,5117,1563,1862,82,2000
AR,pulaski,5119,68320,55866,2965,2000
AR,randolph,5121,3019,2673,185,2000
AR,st. francis,5123,4986,3414,96,2000
AR,saline,5125,12700,18617,1074,2000
AR,scott,5127,1444,2399,138,2000
AR,searcy,5129,1229,2610,219,2000
AR,sebastian,5131,15555,23483,1121,2000
AR,sevier,5133,2095,2111,87,2000
AR,sharp,5135,3236,3698,192,2000
AR,stone,5137,2043,2623,194,2000
AR,union,5139,6261,8647,701,2000
AR,van buren,5141,3202,3485,297,2000
AR,washington,5143,21425,28231,1803,2000
AR,white,5145,8342,13170,638,2000
AR,woodruff,5147,1699,898,54,2000
AR,yell,5149,3062,3223,194,2000
CA,alameda,6001,342889,119279,32168,2000
CA,alpine,6003,265,281,40,2000
CA,amador,6005,5906,8766,792,2000
CA,butte,6007,31338,45584,6799,2000
CA,calaveras,6009,7093,10599,1184,2000
CA,colusa,6011,1745,3629,216,2000
CA,contra costa,6013,224338,141373,15767,2000
CA,del norte,6015,3117,4526,651,2000
CA,el dorado,6017,26220,42045,3871,2000
CA,fresno,6019,95059,117342,8434,2000
CA,glenn,6021,2498,5795,418,2000
CA,humboldt,6023,24851,23219,7902,2000
CA,imperial,6025,15489,12524,924,2000
CA,inyo,6027,2652,4713,450,2000
CA,kern,6029,66003,110663,5642,2000
CA,kings,6031,11041,16377,917,2000
CA,lake,6033,10717,8699,1503,2000
CA,lassen,6035,2982,7080,524,2000
CA,los angeles,6037,1710505,871930,112719,2000
CA,madera,6039,11650,20283,1462,2000
CA,marin,6041,79135,34872,9148,2000
CA,mariposa,6043,2816,4727,531,2000
CA,mendocino,6045,16634,12272,5504,2000
CA,merced,6047,22726,26102,1590,2000
CA,modoc,6049,945,2969,193,2000
CA,mono,6051,1788,2296,287,2000
CA,monterey,6053,67618,43761,6155,2000
CA,napa,6055,28097,20633,2994,2000
CA,nevada,6057,17670,25998,3811,2000
CA,orange,6059,391819,541299,37787,2000
CA,placer,6061,42449,69835,5515,2000
CA,plumas,6063,3458,6343,600,2000
CA,riverside,6065,202576,231955,16596,2000
CA,sacramento,6067,212792,195619,23139,2000
CA,san benito,6069,9131,7015,685,2000
CA,san bernardino,6071,214749,221757,18387,2000
CA,san diego,6073,437666,475736,45232,2000
CA,san francisco,6075,241578,51496,26712,2000
CA,san joaquin,6077,79776,81773,5690,2000
CA,san mateo,6081,166757,80296,12346,2000
CA,santa barbara,6083,73411,71493,10070,2000
CA,santa clara,6085,332490,188750,26889,2000
CA,santa cruz,6087,66618,29627,12105,2000
CA,shasta,6089,20127,43278,3139,2000
CA,sierra,6091,540,1172,135,2000
CA,siskiyou,6093,6323,12198,1298,2000
CA,solano,6095,75116,51604,5015,2000
CA,sonoma,6097,117295,63529,16182,2000
CA,stanislaus,6099,56448,67188,4631,2000
CA,sutter,6101,8416,17350,798,2000
CA,tehama,6103,6507,13270,1077,2000
CA,trinity,6105,1932,3340,525,2000
CA,tulare,6107,33006,54070,2742,2000
CA,tuolumne,6109,9359,13172,1196,2000
CA,ventura,6111,133258,136173,13261,2000
CA,yolo,6113,33747,23057,4632,2000
CA,yuba,6115,5546,9838,743,2000
CO,adams,8001,54132,47561,6159,2000
CO,alamosa,8003,2455,2857,347,2000
CO,arapahoe,8005,82614,97768,9560,2000
CO,archuleta,8007,1432,2988,338,2000
CO,baca,8009,531,1663,84,2000
CO,bent,8011,783,1096,84,2000
CO,boulder,8013,69983,50873,18770,2000
CO,chaffee,8015,2768,4300,542,2000
CO,cheyenne,8017,209,957,46,2000
CO,clear creek,8019,2188,2247,489,2000
CO,conejos,8021,1749,1772,150,2000
CO,costilla,8023,1054,504,90,2000
CO,crowley,8025,511,855,79,2000
CO,custer,8027,507,1451,153,2000
CO,delta,8029,3264,8372,1050,2000
CO,denver,8031,122693,61224,14430,2000
CO,dolores,8033,293,741,100,2000
CO,douglas,8035,27076,56007,3142,2000
CO,eagle,8037,6772,7165,1251,2000
CO,elbert,8039,2326,6151,488,2000
CO,el paso,8041,61799,128294,10664,2000
CO,fremont,8043,5293,9914,849,2000
CO,garfield,8045,6087,9103,1914,2000
CO,gilpin,8047,1099,1006,360,2000
CO,grand,8049,2308,3570,475,2000
CO,gunnison,8051,3059,3128,1049,2000
CO,hinsdale,8053,188,316,62,2000
CO,huerfano,8055,1495,1466,213,2000
CO,jackson,8057,173,682,70,2000
CO,jefferson,8059,100970,120138,14383,2000
CO,kiowa,8061,211,728,29,2000
CO,kit carson,8063,809,2542,107,2000
CO,lake,8065,1296,1056,276,2000
CO,la plata,8067,7864,9993,2633,2000
CO,larimer,8069,46055,62429,10053,2000
CO,las animas,8071,3243,2569,282,2000
CO,lincoln,8073,510,1630,59,2000
CO,logan,8075,2296,5531,269,2000
CO,mesa,8077,15465,32396,3193,2000
CO,mineral,8079,168,294,24,2000
CO,moffat,8081,1223,3840,274,2000
CO,montezuma,8083,2556,6158,670,2000
CO,montrose,8085,4041,9266,908,2000
CO,morgan,8087,2885,5722,391,2000
CO,otero,8089,2963,4082,267,2000
CO,ouray,8091,705,1279,249,2000
CO,park,8093,2393,3677,595,2000
CO,phillips,8095,564,1576,83,2000
CO,pitkin,8097,4137,2565,1098,2000
CO,prowers,8099,1361,3026,137,2000
CO,pueblo,8101,28888,22827,2231,2000
CO,rio blanco,8103,543,2185,127,2000
CO,rio grande,8105,1707,3111,257,2000
CO,routt,8107,4208,4472,958,2000
CO,saguache,8109,1145,1078,306,2000
CO,san juan,8111,149,210,77,2000
CO,san miguel,8113,1598,1043,614,2000
CO,sedgwick,8115,384,877,42,2000
CO,summit,8117,5304,4497,1267,2000
CO,teller,8119,2750,6477,620,2000
CO,washington,8121,477,1878,90,2000
CO,weld,8123,23436,37409,3696,2000
CO,yuma,8125,1082,3156,120,2000
CT,hartford,9003,221167,127468,18921,2000
CT,litchfield,9005,41806,39172,6360,2000
CT,new haven,9009,197928,122919,20252,2000
CT,new london,9011,60449,41168,7530,2000
DE,kent,10001,22790,24081,1376,2000
DE,sussex,10005,29739,34620,1928,2000
FL,alachua,12001,47380,34135,4242,2000
FL,baker,12003,2392,5611,152,2000
FL,bay,12005,18873,38682,1321,2000
FL,bradford,12007,3075,5416,184,2000
FL,brevard,12009,97341,115253,5894,2000
FL,broward,12011,387760,177939,9540,2000
FL,calhoun,12013,2156,2873,146,2000
FL,charlotte,12015,29646,35428,1826,2000
FL,citrus,12017,25531,29801,1916,2000
FL,clay,12019,14668,41903,988,2000
FL,collier,12021,29939,60467,1796,2000
FL,columbia,12023,7049,10968,497,2000
FL,desoto,12027,3321,4256,235,2000
FL,dixie,12029,1827,2697,143,2000
FL,escambia,12033,40990,73171,2695,2000
FL,flagler,12035,13897,12618,601,2000
FL,franklin,12037,2047,2454,144,2000
FL,gadsden,12039,9736,4770,225,2000
FL,gilchrist,12041,1910,3300,185,2000
FL,glades,12043,1442,1841,82,2000
FL,gulf,12045,2398,3553,197,2000
FL,hamilton,12047,1723,2147,96,2000
FL,hardee,12049,2342,3765,129,2000
FL,hendry,12051,3240,4747,152,2000
FL,hernando,12053,32648,30658,1930,2000
FL,highlands,12055,14169,20207,776,2000
FL,hillsborough,12057,169576,180794,9984,2000
FL,holmes,12059,2177,5012,207,2000
FL,indian river,12061,19769,28639,1219,2000
FL,jackson,12063,6870,9139,294,2000
FL,jefferson,12065,3041,2478,124,2000
FL,lafayette,12067,789,1670,46,2000
FL,lake,12069,36571,50010,2030,2000
FL,lee,12071,73571,106151,4678,2000
FL,leon,12073,61444,39073,2637,2000
FL,levy,12075,5398,6863,469,2000
FL,liberty,12077,1017,1317,76,2000
FL,madison,12079,3015,3038,110,2000
FL,manatee,12081,49226,58023,3095,2000
FL,marion,12083,44674,55146,3151,2000
FL,martin,12085,26621,33972,1423,2000
FL,monroe,12087,16487,16063,1345,2000
FL,nassau,12089,6955,16408,424,2000
FL,okaloosa,12091,16989,52186,1644,2000
FL,okeechobee,12093,4589,5057,208,2000
FL,orange,12095,140236,134531,5388,2000
FL,osceola,12097,28187,26237,1266,2000
FL,palm beach,12099,269754,152964,10504,2000
FL,pasco,12101,69576,68607,4586,2000
FL,pinellas,12103,200657,184849,13020,2000
FL,polk,12105,75207,90310,3112,2000
FL,putnam,12107,12107,13457,675,2000
FL,st. johns,12109,19509,39564,1698,2000
FL,st. lucie,12111,41560,34705,1725,2000
FL,santa rosa,12113,12818,36339,1245,2000
FL,sarasota,12115,72869,83117,4991,2000
FL,seminole,12117,59227,75790,2788,2000
FL,sumter,12119,9637,12127,497,2000
FL,suwannee,12121,4076,8009,376,2000
FL,taylor,12123,2649,4058,103,2000
FL,union,12125,1407,2332,87,2000
FL,volusia,12127,97313,82368,3993,2000
FL,wakulla,12129,3838,4512,237,2000
FL,walton,12131,5643,12186,494,2000
FL,washington,12133,2798,4995,233,2000
GA,appling,13001,2093,3940,66,2000
GA,atkinson,13003,821,1228,22,2000
GA,bacon,13005,956,2010,29,2000
GA,baker,13007,893,615,11,2000
GA,baldwin,13009,5893,6041,192,2000
GA,banks,13011,1220,3202,111,2000
GA,barrow,13013,3657,7925,520,2000
GA,bartow,13015,7508,14720,553,2000
GA,ben hill,13017,2234,2381,46,2000
GA,berrien,13019,1640,2718,52,2000
GA,bibb,13021,24996,24071,709,2000
GA,bleckley,13023,1273,2436,40,2000
GA,brantley,13025,1372,3118,76,2000
GA,brooks,13027,2096,2406,49,2000
GA,bryan,13029,2172,4835,52,2000
GA,bulloch,13031,5561,8990,231,2000
GA,burke,13033,3720,3381,34,2000
GA,butts,13035,2281,3198,156,2000
GA,calhoun,13037,1107,768,12,2000
GA,camden,13039,3636,6371,112,2000
GA,candler,13043,1053,1643,26,2000
GA,carroll,13045,8752,16326,663,2000
GA,catoosa,13047,5470,12033,218,2000
GA,charlton,13049,1015,1770,31,2000
GA,chatham,13051,37590,37847,1038,2000
GA,chattooga,13055,2729,3640,108,2000
GA,cherokee,13057,12295,38033,2020,2000
GA,clay,13061,821,448,8,2000
GA,clayton,13063,40042,19966,1394,2000
GA,clinch,13065,816,1091,22,2000
GA,cobb,13067,86676,140494,7857,2000
GA,coffee,13069,3593,5756,81,2000
GA,colquitt,13071,3297,6589,86,2000
GA,columbia,13073,8969,26660,379,2000
GA,cook,13075,1639,2279,26,2000
GA,coweta,13077,9056,21327,843,2000
GA,crawford,13079,1513,1987,67,2000
GA,crisp,13081,2268,3285,56,2000
GA,dade,13083,1628,3333,88,2000
GA,dawson,13085,1458,4210,230,2000
GA,decatur,13087,3398,4187,63,2000
GA,dekalb,13089,154509,58807,6664,2000
GA,dodge,13091,2326,3472,79,2000
GA,dooly,13093,1901,1588,31,2000
GA,dougherty,13095,16650,12248,166,2000
GA,douglas,13097,11162,18893,909,2000
GA,early,13099,1622,1938,25,2000
GA,echols,13101,272,614,12,2000
GA,effingham,13103,3232,7326,92,2000
GA,elbert,13105,2527,3262,64,2000
GA,emanuel,13107,2835,3343,85,2000
GA,evans,13109,1217,1841,22,2000
GA,fannin,13111,2736,5463,191,2000
GA,fayette,13113,11912,29338,1199,2000
GA,floyd,13115,10282,16194,349,2000
GA,forsyth,13117,6694,27769,1292,2000
GA,franklin,13119,2040,3659,63,2000
GA,fulton,13121,152039,104870,6303,2000
GA,gilmer,13123,2230,4941,199,2000
GA,glascock,13125,249,763,8,2000
GA,glynn,13127,7778,14346,260,2000
GA,gordon,13129,4032,7944,229,2000
GA,grady,13131,2721,3894,88,2000
GA,greene,13133,2137,2980,80,2000
GA,gwinnett,13135,61434,121756,7921,2000
GA,habersham,13137,2530,6964,197,2000
GA,hall,13139,10259,26841,1050,2000
GA,hancock,13141,2414,662,10,2000
GA,haralson,13143,2869,5153,145,2000
GA,harris,13145,2912,5554,96,2000
GA,hart,13147,3192,4242,102,2000
GA,heard,13149,1178,1947,73,2000
GA,henry,13151,11971,25815,1081,2000
GA,houston,13153,13301,23174,513,2000
GA,irwin,13155,1105,1720,27,2000
GA,jackson,13157,3420,7878,337,2000
GA,jasper,13159,1558,2298,87,2000
GA,jeff davis,13161,1379,2797,45,2000
GA,jefferson,13163,2973,2559,34,2000
GA,jenkins,13165,1250,1317,26,2000
GA,johnson,13167,1065,1797,21,2000
GA,jones,13169,3102,4850,116,2000
GA,lamar,13171,2194,2912,124,2000
GA,lanier,13173,832,1048,24,2000
GA,laurens,13175,5724,8133,179,2000
GA,lee,13177,1936,5872,76,2000
GA,liberty,13179,5347,4455,170,2000
GA,lincoln,13181,1275,1807,21,2000
GA,long,13183,975,1320,19,2000
GA,lowndes,13185,10616,14462,354,2000
GA,lumpkin,13187,2121,4427,202,2000
GA,mcduffie,13189,2580,3926,44,2000
GA,mcintosh,13191,2047,1766,24,2000
GA,macon,13193,2757,1566,32,2000
GA,madison,13195,2285,5529,179,2000
GA,marion,13197,982,1187,15,2000
GA,meriwether,13199,3441,3162,106,2000
GA,miller,13201,783,1349,18,2000
GA,mitchell,13205,2971,2790,38,2000
GA,monroe,13207,2839,4561,141,2000
GA,montgomery,13209,1013,1465,31,2000
GA,morgan,13211,2238,3524,140,2000
GA,murray,13213,2684,5539,149,2000
GA,newton,13217,6703,11127,545,2000
GA,oconee,13219,3184,7611,373,2000
GA,oglethorpe,13221,1519,2706,160,2000
GA,paulding,13223,6743,16881,636,2000
GA,peach,13225,3540,3525,72,2000
GA,pickens,13227,2489,5488,224,2000
GA,pierce,13229,1300,3348,33,2000
GA,pike,13231,1413,3358,114,2000
GA,polk,13233,4112,5841,163,2000
GA,pulaski,13235,1390,1922,34,2000
GA,putnam,13237,2612,3596,91,2000
GA,quitman,13027,542,348,14,2000
GA,rabun,13241,1776,3451,114,2000
GA,randolph,13243,1381,1174,14,2000
GA,rockdale,13247,8295,15440,914,2000
GA,schley,13249,460,706,10,2000
GA,screven,13251,2233,2461,25,2000
GA,seminole,13253,1313,1537,27,2000
GA,spalding,13255,5831,9271,289,2000
GA,stephens,13257,2869,5370,137,2000
GA,stewart,13259,1267,675,12,2000
GA,sumter,13261,4748,4847,102,2000
GA,talbot,13263,1662,844,25,2000
GA,taliaferro,13265,556,271,5,2000
GA,tattnall,13267,1963,3597,50,2000
GA,taylor,13269,1340,1412,28,2000
GA,telfair,13271,1777,1693,23,2000
GA,terrell,13273,1584,1504,25,2000
GA,thomas,13275,4862,7093,103,2000
GA,tift,13277,3547,6678,103,2000
GA,toombs,13279,2643,4487,80,2000
GA,towns,13281,1495,2902,100,2000
GA,treutlen,13283,879,1062,22,2000
GA,troup,13285,6379,11198,227,2000
GA,turner,13287,1169,1258,29,2000
GA,twiggs,13289,1977,1570,68,2000
GA,union,13291,2230,4567,159,2000
GA,upson,13293,3158,5019,105,2000
GA,walker,13295,6341,12326,228,2000
GA,walton,13297,5484,12966,633,2000
GA,ware,13299,3480,6099,49,2000
GA,warren,13301,1196,933,16,2000
GA,washington,13303,3476,3162,53,2000
GA,wayne,13305,2736,5219,49,2000
GA,wheeler,13309,752,813,10,2000
GA,white,13311,2014,4857,172,2000
GA,whitfield,13313,7034,15852,416,2000
GA,wilcox,13315,962,1381,22,2000
GA,wilkes,13317,1940,2044,42,2000
GA,wilkinson,13319,1884,1800,56,2000
GA,worth,13321,2214,3792,55,2000
HI,hawaii,15001,28670,17050,5140,2000
HI,honolulu,15003,139618,101310,15062,2000
HI,kauai,15007,13470,6583,1720,2000
HI,maui,15009,23484,12876,2888,2000
HI,hawaii,15001,205286,137845,24820,2000
ID,ada,16001,40650,75050,7785,2000
ID,adams,16003,336,1476,97,2000
ID,bannock,16005,10892,18223,1737,2000
ID,bear lake,16007,517,2296,86,2000
ID,benewah,16009,895,2606,186,2000
ID,bingham,16011,3310,10628,527,2000
ID,blaine,16013,3748,3528,662,2000
ID,boise,16015,745,2019,291,2000
ID,bonner,16017,4318,8945,1274,2000
ID,bonneville,16019,7235,24988,1333,2000
ID,boundary,16021,832,2797,255,2000
ID,butte,16023,354,1054,52,2000
ID,camas,16025,113,359,35,2000
ID,canyon,16027,10588,30560,1852,2000
ID,caribou,16029,475,2601,101,2000
ID,cassia,16031,1087,5983,209,2000
ID,clark,16033,63,311,8,2000
ID,clearwater,16035,841,2885,170,2000
ID,custer,16037,416,1794,120,2000
ID,elmore,16039,1840,4891,235,2000
ID,franklin,16041,513,3594,136,2000
ID,fremont,16043,699,4242,147,2000
ID,gem,16045,1346,4376,261,2000
ID,gooding,16047,1282,3502,242,2000
ID,idaho,16049,1187,5806,459,2000
ID,jefferson,16051,1100,6480,256,2000
ID,jerome,16053,1360,4418,229,2000
ID,kootenai,16055,13488,28162,2162,2000
ID,latah,16057,5661,8161,1489,2000
ID,lemhi,16059,660,2859,122,2000
ID,lewis,16061,335,1295,58,2000
ID,lincoln,16063,437,1049,88,2000
ID,madison,16065,816,7941,213,2000
ID,minidoka,16067,1344,4907,267,2000
ID,nez perce,16069,4995,10577,449,2000
ID,oneida,16071,307,1426,65,2000
ID,owyhee,16073,623,2450,115,2000
ID,payette,16075,1643,4961,254,2000
ID,power,16077,755,1872,82,2000
ID,shoshone,16079,2225,2879,281,2000
ID,teton,16081,720,1745,206,2000
ID,twin falls,16083,5777,15794,959,2000
ID,valley,16085,1129,2548,301,2000
ID,washington,16087,980,2899,191,2000
IL,adams,17001,12197,17331,581,2000
IL,alexander,17003,2357,1588,77,2000
IL,bond,17005,3060,3804,168,2000
IL,boone,17007,6481,8617,425,2000
IL,brown,17009,1077,1529,54,2000
IL,bureau,17011,7754,8526,543,2000
IL,calhoun,17013,1310,1229,63,2000
IL,carroll,17015,3113,3835,229,2000
IL,cass,17017,2789,2968,142,2000
IL,champaign,17019,35515,34645,4125,2000
IL,christian,17021,6799,7537,435,2000
IL,clark,17023,2932,4398,182,2000
IL,clay,17025,2212,3789,134,2000
IL,clinton,17027,6436,8588,403,2000
IL,coles,17029,8904,10495,694,2000
IL,cook,17031,1280547,534542,50818,2000
IL,crawford,17033,3333,4974,193,2000
IL,cumberland,17035,1870,2964,141,2000
IL,dekalb,17037,14798,17139,1296,2000
IL,douglas,17041,3215,4734,203,2000
IL,dupage,17043,152550,201037,10775,2000
IL,edgar,17045,3216,4833,183,2000
IL,edwards,17047,978,2212,70,2000
IL,effingham,17049,4225,9855,405,2000
IL,fayette,17051,3886,5200,252,2000
IL,ford,17053,2090,3889,174,2000
IL,franklin,17055,10201,8490,521,2000
IL,fulton,17057,8940,6936,401,2000
IL,gallatin,17059,1878,1591,89,2000
IL,greene,17061,2490,3129,148,2000
IL,grundy,17063,7516,8709,359,2000
IL,hamilton,17065,1943,2519,125,2000
IL,hancock,17067,4256,5134,301,2000
IL,hardin,17069,1184,1366,87,2000
IL,henderson,17071,2030,1708,128,2000
IL,henry,17073,11921,10896,653,2000
IL,iroquois,17075,4397,8685,342,2000
IL,jackson,17077,11773,9823,1494,2000
IL,jasper,17079,1815,3119,87,2000
IL,jefferson,17081,6685,8362,313,2000
IL,jersey,17083,4355,4699,359,2000
IL,jo daviess,17085,4585,5304,433,2000
IL,johnson,17087,1928,3285,149,2000
IL,kane,17089,60127,76996,4282,2000
IL,kankakee,17091,19180,20049,954,2000
IL,kendall,17093,8444,13688,637,2000
IL,knox,17095,12572,9912,690,2000
IL,lake,17097,115058,120988,6118,2000
IL,lasalle,17099,23355,21276,1376,2000
IL,lawrence,17101,2822,3594,162,2000
IL,lee,17103,6111,8069,440,2000
IL,livingston,17105,5829,9187,405,2000
IL,logan,17107,4600,8141,324,2000
IL,mcdonough,17109,6080,6465,467,2000
IL,mchenry,17111,40698,62112,3375,2000
IL,mclean,17113,24936,34008,1954,2000
IL,macon,17115,24262,23830,1407,2000
IL,macoupin,17117,11015,9749,625,2000
IL,madison,17119,59077,48821,3206,2000
IL,marion,17121,8068,8240,355,2000
IL,marshall,17123,2570,3145,192,2000
IL,mason,17125,3192,3411,169,2000
IL,massac,17127,2912,3676,156,2000
IL,menard,17129,2164,3862,176,2000
IL,mercer,17131,4400,3688,230,2000
IL,monroe,17133,5797,7632,367,2000
IL,montgomery,17135,6542,6226,325,2000
IL,morgan,17137,5899,8058,377,2000
IL,moultrie,17139,2529,3058,138,2000
IL,ogle,17141,7673,12325,603,2000
IL,peoria,17143,38604,36398,1810,2000
IL,perry,17145,4862,4802,278,2000
IL,piatt,17147,3488,4619,278,2000
IL,pike,17149,3198,4706,208,2000
IL,pope,17151,927,1346,57,2000
IL,pulaski,17153,1518,1430,68,2000
IL,putnam,17155,1657,1437,85,2000
IL,randolph,17157,6794,7127,366,2000
IL,richland,17159,2491,4718,219,2000
IL,rock island,17161,37957,25194,1944,2000
IL,st. clair,17163,55961,42299,2133,2000
IL,saline,17165,5427,5933,290,2000
IL,sangamon,17167,38414,50374,2697,2000
IL,schuyler,17169,1587,2077,108,2000
IL,scott,17171,954,1458,57,2000
IL,shelby,17173,4018,5851,294,2000
IL,stark,17175,1211,1694,84,2000
IL,stephenson,17177,8062,10715,601,2000
IL,tazewell,17179,25379,31537,1432,2000
IL,union,17181,3982,4397,281,2000
IL,vermilion,17183,15406,15783,911,2000
IL,wabash,17185,1987,3406,115,2000
IL,warren,17187,3524,3899,208,2000
IL,washington,17189,2638,4353,147,2000
IL,wayne,17191,2209,5347,137,2000
IL,white,17193,2958,4521,158,2000
IL,whiteside,17195,12886,11252,699,2000
IL,will,17197,90902,95828,4940,2000
IL,williamson,17199,12192,14012,735,2000
IL,winnebago,17201,51981,53816,3500,2000
IL,woodford,17203,5529,10905,359,2000
IN,adams,18001,3775,8555,260,2000
IN,allen,18003,41636,70426,2258,2000
IN,bartholomew,18005,9015,16200,554,2000
IN,benton,18007,1328,2441,105,2000
IN,blackford,18009,2103,2699,91,2000
IN,boone,18011,4763,13161,472,2000
IN,brown,18013,2608,3871,338,2000
IN,carroll,18015,2965,5102,201,2000
IN,cass,18017,5412,9305,389,2000
IN,clark,18019,17360,19417,559,2000
IN,clay,18021,3605,6393,160,2000
IN,clinton,18023,3643,7141,207,2000
IN,crawford,18025,1817,2327,65,2000
IN,daviess,18027,2697,6872,192,2000
IN,dearborn,18029,6020,11452,178,2000
IN,decatur,18031,2889,6115,167,2000
IN,dekalb,18033,4776,8701,308,2000
IN,delaware,18035,20876,22105,1166,2000
IN,dubois,18037,5090,10134,280,2000
IN,elkhart,18039,16402,36756,1324,2000
IN,fayette,18041,3415,5060,172,2000
IN,floyd,18043,13209,16486,335,2000
IN,fountain,18045,2717,4408,156,2000
IN,franklin,18047,2591,5587,161,2000
IN,fulton,18049,2960,5218,149,2000
IN,gibson,18051,5802,7734,236,2000
IN,grant,18053,9712,16153,521,2000
IN,greene,18055,4898,7452,269,2000
IN,hamilton,18057,18002,56372,1552,2000
IN,hancock,18059,6503,15943,504,2000
IN,harrison,18061,5870,8711,315,2000
IN,hendricks,18063,10786,28651,784,2000
IN,henry,18065,7647,10321,347,2000
IN,howard,18067,12899,20331,865,2000
IN,huntington,18069,4119,10113,388,2000
IN,jackson,18071,5330,9054,218,2000
IN,jasper,18073,3744,7212,211,2000
IN,jay,18075,3167,4687,176,2000
IN,jefferson,18077,5117,6582,232,2000
IN,jennings,18079,3549,5732,213,2000
IN,johnson,18081,11952,29404,928,2000
IN,knox,18083,6300,8485,269,2000
IN,kosciusko,18085,5785,19040,459,2000
IN,lagrange,18087,2733,5437,163,2000
IN,lake,18089,109078,63389,3527,2000
IN,laporte,18091,19736,18994,1017,2000
IN,lawrence,18093,5071,10677,394,2000
IN,madison,18095,23403,27956,857,2000
IN,marion,18053,134189,137810,7904,2000
IN,marshall,18099,5541,10266,343,2000
IN,martin,18101,1518,3008,83,2000
IN,miami,18103,4155,8401,372,2000
IN,monroe,18105,17523,19147,3550,2000
IN,montgomery,18107,3899,8891,311,2000
IN,morgan,18109,6228,15286,522,2000
IN,newton,18111,2101,3250,159,2000
IN,noble,18113,4822,9103,291,2000
IN,ohio,18115,951,1515,26,2000
IN,orange,18117,2601,4687,170,2000
IN,owen,18119,2253,4019,231,2000
IN,parke,18121,2481,3841,125,2000
IN,perry,18123,3823,3461,103,2000
IN,pike,18125,2605,3566,131,2000
IN,porter,18127,26790,31157,1431,2000
IN,posey,18129,4430,6498,182,2000
IN,pulaski,18131,1919,3497,102,2000
IN,putnam,18133,4123,7352,396,2000
IN,randolph,18135,3906,6020,206,2000
IN,ripley,18137,3498,6988,189,2000
IN,rush,18139,2370,4749,165,2000
IN,st. joseph,18141,47703,47581,2190,2000
IN,scott,18143,3915,3761,170,2000
IN,shelby,18145,5374,9590,346,2000
IN,spencer,18147,3752,5096,139,2000
IN,starke,18149,4136,4349,216,2000
IN,steuben,18151,4103,6953,221,2000
IN,sullivan,18153,3833,4319,110,2000
IN,switzerland,18155,1336,1831,72,2000
IN,tippecanoe,18157,18220,26106,1969,2000
IN,tipton,18159,2392,4784,140,2000
IN,union,18161,927,1838,63,2000
IN,vanderburgh,18163,29222,35846,1153,2000
IN,vermillion,18165,3370,3130,133,2000
IN,vigo,18167,17570,18021,637,2000
IN,wabash,18169,4277,8321,285,2000
IN,warren,18171,1471,2218,79,2000
IN,warrick,18173,8749,13205,355,2000
IN,washington,18175,3675,5868,258,2000
IN,wayne,18177,10273,14273,605,2000
IN,wells,18179,3319,7755,207,2000
IN,white,18181,3655,6037,212,2000
IN,whitley,18183,4107,8080,245,2000
IA,adair,19001,1753,2275,95,2000
IA,adams,19003,897,1170,78,2000
IA,allamakee,19005,2883,3277,302,2000
IA,appanoose,19007,2560,2992,152,2000
IA,audubon,19009,1780,1909,95,2000
IA,benton,19011,5915,5468,383,2000
IA,black hawk,19013,30112,23468,1505,2000
IA,boone,19015,6270,5625,354,2000
IA,bremer,19017,5169,5675,331,2000
IA,buchanan,19019,5045,4092,273,2000
IA,buena vista,19021,3297,4354,326,2000
IA,butler,19023,2735,3837,152,2000
IA,calhoun,19025,2132,2776,133,2000
IA,carroll,19027,4463,4879,226,2000
IA,cass,19029,2481,4206,193,2000
IA,cedar,19031,4033,4031,280,2000
IA,cerro gordo,19033,12185,9397,580,2000
IA,cherokee,19035,2845,3463,284,2000
IA,chickasaw,19037,3435,2936,213,2000
IA,clarke,19039,2081,1984,111,2000
IA,clay,19041,3294,3992,292,2000
IA,clayton,19043,4238,4034,299,2000
IA,clinton,19045,12276,9229,675,2000
IA,crawford,19047,2838,3482,235,2000
IA,dallas,19049,8561,10306,463,2000
IA,davis,19051,1691,1956,111,2000
IA,decatur,19053,1674,1903,132,2000
IA,delaware,19055,3808,4273,268,2000
IA,des moines,19057,11351,7385,629,2000
IA,dickinson,19059,3660,4225,236,2000
IA,dubuque,19061,22341,16462,1520,2000
IA,emmet,19063,2165,2331,134,2000
IA,fayette,19065,4640,4747,234,2000
IA,floyd,19067,3830,3191,217,2000
IA,franklin,19069,2122,2657,159,2000
IA,fremont,19071,1459,2069,88,2000
IA,greene,19073,2301,2282,136,2000
IA,grundy,19075,2139,3851,121,2000
IA,guthrie,19077,2493,2840,136,2000
IA,hamilton,19079,3407,3968,199,2000
IA,hancock,19081,2281,2988,169,2000
IA,hardin,19083,3734,4486,215,2000
IA,harrison,19085,2551,3802,190,2000
IA,henry,19087,3907,4476,288,2000
IA,howard,19089,2426,1922,143,2000
IA,humboldt,19091,1949,2846,145,2000
IA,ida,19093,1411,1968,112,2000
IA,iowa,19095,3230,3894,289,2000
IA,jackson,19097,4945,3769,318,2000
IA,jasper,19099,8699,8729,407,2000
IA,jefferson,19101,2863,3248,1437,2000
IA,johnson,19103,31174,17899,3696,2000
IA,jones,19105,4690,4201,252,2000
IA,keokuk,19107,2181,2571,195,2000
IA,kossuth,19109,3960,4612,306,2000
IA,lee,19111,9632,6339,601,2000
IA,linn,19113,48897,40417,2750,2000
IA,louisa,19115,2294,2207,136,2000
IA,lucas,19117,1934,2262,107,2000
IA,lyon,19119,1313,3918,111,2000
IA,madison,19121,3093,3662,214,2000
IA,mahaska,19123,3370,5971,202,2000
IA,marion,19125,5741,8358,309,2000
IA,marshall,19127,8322,8785,517,2000
IA,mills,19129,2039,3684,192,2000
IA,mitchell,19131,2650,2388,124,2000
IA,monona,19133,2086,2304,170,2000
IA,monroe,19135,1699,1858,90,2000
IA,montgomery,19137,1838,3417,139,2000
IA,muscatine,19139,8058,7483,535,2000
IA,o'brien,19141,2170,4674,200,2000
IA,osceola,19143,913,2064,86,2000
IA,page,19145,2293,4588,178,2000
IA,palo alto,19147,2326,2341,156,2000
IA,plymouth,19149,3499,6189,430,2000
IA,pocahontas,19151,1736,2242,163,2000
IA,polk,19153,89715,79927,4525,2000
IA,pottawattamie,19155,14726,18783,958,2000
IA,poweshiek,19157,4222,4396,362,2000
IA,ringgold,19159,1246,1369,77,2000
IA,sac,19161,2099,2776,158,2000
IA,scott,19163,35857,32801,1910,2000
IA,shelby,19165,2179,3655,175,2000
IA,sioux,19167,2148,12241,303,2000
IA,story,19169,17478,16228,1658,2000
IA,tama,19171,4045,4034,236,2000
IA,taylor,19173,1247,1770,79,2000
IA,union,19175,2540,3003,197,2000
IA,van buren,19177,1440,2016,105,2000
IA,wapello,19179,8355,6313,471,2000
IA,warren,19181,9521,9621,511,2000
IA,washington,19183,3932,4827,335,2000
IA,wayne,19185,1300,1666,55,2000
IA,webster,19187,8479,8172,397,2000
IA,winnebago,19189,2691,2662,174,2000
IA,winneshiek,19191,4339,4647,431,2000
IA,woodbury,19193,17691,18864,1341,2000
IA,worth,19195,2208,1659,137,2000
IA,wright,19197,2796,3384,156,2000
KS,allen,20001,2132,3379,255,2000
KS,anderson,20003,1327,1984,167,2000
KS,atchison,20005,3171,3378,351,2000
KS,barber,20007,637,1755,106,2000
KS,barton,20009,3238,7302,415,2000
KS,bourbon,20011,2211,3852,245,2000
KS,brown,20013,1512,2985,194,2000
KS,butler,20015,6755,13377,870,2000
KS,chase,20017,391,848,78,2000
KS,chautauqua,20019,443,1347,90,2000
KS,cherokee,20021,3783,5014,333,2000
KS,cheyenne,20023,350,1312,65,2000
KS,clark,20025,292,926,43,2000
KS,clay,20027,951,2998,139,2000
KS,cloud,20029,1314,2918,271,2000
KS,coffey,20031,1196,2700,144,2000
KS,comanche,20033,211,760,35,2000
KS,cowley,20035,5535,8080,595,2000
KS,crawford,20037,7076,7160,798,2000
KS,decatur,20039,424,1255,80,2000
KS,dickinson,20041,2413,5243,436,2000
KS,doniphan,20043,1134,2350,165,2000
KS,douglas,20045,18249,17062,4527,2000
KS,edwards,20047,447,1062,54,2000
KS,elk,20049,402,1080,68,2000
KS,ellis,20051,3926,6516,718,2000
KS,ellsworth,20053,825,1845,169,2000
KS,finney,20055,2431,6442,277,2000
KS,ford,20057,2566,6050,301,2000
KS,franklin,20059,3321,5925,412,2000
KS,geary,20061,2660,3977,229,2000
KS,gove,20063,296,1122,77,2000
KS,graham,20065,346,1058,70,2000
KS,grant,20067,683,2126,47,2000
KS,gray,20069,482,1631,47,2000
KS,greeley,20071,143,628,32,2000
KS,greenwood,20073,1027,2392,142,2000
KS,hamilton,20075,264,901,27,2000
KS,harper,20077,869,2076,110,2000
KS,harvey,20079,4591,8271,822,2000
KS,haskell,20081,263,1323,30,2000
KS,hodgeman,20083,217,835,36,2000
KS,jackson,20085,1990,3001,259,2000
KS,jefferson,20087,3000,4423,454,2000
KS,jewell,20089,380,1400,97,2000
KS,johnson,20091,79118,129965,8453,2000
KS,kearny,20093,320,1084,31,2000
KS,kingman,20095,991,2672,145,2000
KS,kiowa,20097,294,1262,52,2000
KS,labette,20099,3745,4475,318,2000
KS,lane,20101,252,846,35,2000
KS,leavenworth,20103,9733,12583,955,2000
KS,lincoln,20105,469,1295,126,2000
KS,linn,20107,1587,2513,159,2000
KS,logan,20109,231,1088,78,2000
KS,lyon,20111,5190,6652,613,2000
KS,mcpherson,20113,3272,8501,688,2000
KS,marion,20115,1475,4156,272,2000
KS,marshall,20117,1831,3066,218,2000
KS,meade,20119,400,1604,49,2000
KS,miami,20121,4554,6611,442,2000
KS,mitchell,20123,751,2350,165,2000
KS,montgomery,20125,4770,8496,479,2000
KS,morris,20127,882,1599,160,2000
KS,morton,20129,321,1203,33,2000
KS,nemaha,20131,1494,3578,218,2000
KS,neosho,20133,2588,4014,284,2000
KS,ness,20135,383,1420,73,2000
KS,norton,20137,598,1744,109,2000
KS,osage,20139,2530,3770,313,2000
KS,osborne,20141,484,1432,114,2000
KS,ottawa,20143,631,1977,183,2000
KS,pawnee,20145,968,1850,122,2000
KS,phillips,20147,611,2057,124,2000
KS,pottawatomie,20149,2037,4985,709,2000
KS,pratt,20151,1314,2885,217,2000
KS,rawlins,20153,306,1349,85,2000
KS,reno,20155,9025,15179,1226,2000
KS,republic,20157,604,2239,142,2000
KS,rice,20159,1422,2903,195,2000
KS,riley,20161,6188,10672,1393,2000
KS,rooks,20163,597,2016,162,2000
KS,rush,20165,505,1235,114,2000
KS,russell,20167,886,2434,162,2000
KS,saline,20169,7487,12412,1628,2000
KS,scott,20171,418,1811,74,2000
KS,sedgwick,20173,62561,93724,7132,2000
KS,seward,20175,1126,3869,101,2000
KS,shawnee,20177,34818,35894,3661,2000
KS,sheridan,20179,281,1132,76,2000
KS,sherman,20181,681,1894,107,2000
KS,smith,20183,534,1534,116,2000
KS,stafford,20185,567,1546,87,2000
KS,stanton,20187,215,785,29,2000
KS,stevens,20189,345,1714,52,2000
KS,sumner,20191,3549,6176,507,2000
KS,thomas,20193,807,2822,151,2000
KS,trego,20195,516,1220,101,2000
KS,wabaunsee,20197,1025,2182,213,2000
KS,wallace,20199,103,737,21,2000
KS,washington,20201,687,2446,134,2000
KS,wichita,20203,207,859,24,2000
KS,wilson,20205,1186,2748,161,2000
KS,woodson,20207,521,974,100,2000
KY,adair,21001,1779,5460,89,2000
KY,allen,21003,1950,4415,64,2000
KY,anderson,21005,2902,4909,156,2000
KY,ballard,21007,1880,1824,65,2000
KY,barren,21009,4930,8741,173,2000
KY,bath,21011,2087,2303,83,2000
KY,bell,21013,4787,5585,239,2000
KY,boone,21015,9248,22016,720,2000
KY,bourbon,21017,3048,3881,173,2000
KY,boyd,21019,9541,9247,394,2000
KY,boyle,21021,3963,6126,237,2000
KY,bracken,21023,888,2065,66,2000
KY,breathitt,21025,2902,2084,87,2000
KY,breckinridge,21027,2595,4763,95,2000
KY,bullitt,21029,8195,14054,430,2000
KY,butler,21031,1299,3654,57,2000
KY,caldwell,21033,2223,3161,98,2000
KY,calloway,21035,5635,7705,333,2000
KY,campbell,21037,12040,20789,980,2000
KY,carlisle,21039,1149,1405,39,2000
KY,carroll,21041,1601,1818,80,2000
KY,carter,21043,4182,4617,160,2000
KY,casey,21045,1122,4284,63,2000
KY,christian,21047,6778,10787,208,2000
KY,clark,21049,4918,7297,258,2000
KY,clay,21051,1723,4926,70,2000
KY,clinton,21053,1032,3224,49,2000
KY,crittenden,21055,1610,2469,75,2000
KY,cumberland,21057,736,2220,50,2000
KY,daviess,21059,14126,21361,753,2000
KY,edmonson,21061,1710,3250,35,2000
KY,elliott,21063,1525,827,29,2000
KY,estill,21065,1591,3033,86,2000
KY,fleming,21069,1813,3282,84,2000
KY,floyd,21071,10088,5068,238,2000
KY,franklin,21073,10853,10209,592,2000
KY,fulton,21075,1452,1293,43,2000
KY,gallatin,21077,1049,1345,65,2000
KY,garrard,21079,1713,4043,67,2000
KY,grant,21081,2568,4405,130,2000
KY,graves,21083,6097,7849,285,2000
KY,grayson,21085,2604,5843,107,2000
KY,green,21087,1085,3615,56,2000
KY,greenup,21089,7164,7233,266,2000
KY,hancock,21091,1508,2032,70,2000
KY,hardin,21093,11095,18964,631,2000
KY,harlan,21095,5365,4980,190,2000
KY,harrison,21097,2658,3793,160,2000
KY,hart,21099,2201,3725,93,2000
KY,henderson,21101,8054,7698,287,2000
KY,henry,21103,2117,3244,112,2000
KY,hickman,21105,940,1151,33,2000
KY,hopkins,21107,6734,9490,265,2000
KY,jackson,21109,701,4079,75,2000
KY,jessamine,21113,4633,10074,354,2000
KY,johnson,21115,3251,4783,146,2000
KY,kenton,21117,19100,35363,1760,2000
KY,knott,21119,4349,2029,80,2000
KY,knox,21121,3690,6058,162,2000
KY,larue,21123,1727,3384,68,2000
KY,laurel,21125,4856,13029,235,2000
KY,lawrence,21127,2258,2969,80,2000
KY,lee,21129,836,1893,35,2000
KY,leslie,21131,1210,3159,65,2000
KY,letcher,21133,4698,4092,195,2000
KY,lewis,21135,1293,3217,58,2000
KY,lincoln,21137,2678,4795,124,2000
KY,livingston,21139,2022,2118,90,2000
KY,logan,21141,3885,5344,103,2000
KY,lyon,21143,1680,1688,52,2000
KY,mccracken,21145,11412,14745,532,2000
KY,mccreary,21147,1418,3321,60,2000
KY,mclean,21149,1747,2219,56,2000
KY,madison,21151,9309,13682,675,2000
KY,magoffin,21153,2603,2785,65,2000
KY,marion,21155,2778,3259,139,2000
KY,marshall,21157,6203,7294,264,2000
KY,martin,21159,1714,2667,75,2000
KY,mason,21161,2178,3572,123,2000
KY,meade,21163,3596,5319,156,2000
KY,menifee,21165,1038,1170,41,2000
KY,mercer,21167,3092,5362,178,2000
KY,metcalfe,21169,1318,2476,55,2000
KY,monroe,21171,1158,4377,34,2000
KY,montgomery,21173,3833,4534,152,2000
KY,morgan,21175,1875,2295,70,2000
KY,muhlenberg,21177,6295,5518,143,2000
KY,nelson,21179,5481,7714,293,2000
KY,nicholas,21181,994,1613,66,2000
KY,ohio,21183,3303,5413,166,2000
KY,oldham,21185,6236,13580,452,2000
KY,owen,21187,1394,2582,94,2000
KY,owsley,21189,339,1466,21,2000
KY,pendleton,21191,1670,3044,89,2000
KY,perry,21193,5514,5300,182,2000
KY,pike,21195,13611,11005,319,2000
KY,powell,21197,2008,2258,96,2000
KY,pulaski,21199,5415,15845,281,2000
KY,robertson,21201,341,630,27,2000
KY,rockcastle,21203,1174,3992,81,2000
KY,rowan,21205,3505,3546,175,2000
KY,russell,21207,1710,5268,96,2000
KY,scott,21209,5472,7952,362,2000
KY,shelby,21211,4435,8068,235,2000
KY,simpson,21213,2583,3169,72,2000
KY,spencer,21215,1554,3150,68,2000
KY,taylor,21217,2790,6151,110,2000
KY,todd,21219,1496,2646,45,2000
KY,trigg,21221,2110,3130,104,2000
KY,trimble,21223,1181,1837,63,2000
KY,union,21225,2547,2749,72,2000
KY,warren,21227,12180,20235,560,2000
KY,washington,21229,1458,3044,86,2000
KY,wayne,21231,2312,4069,93,2000
KY,webster,21233,2388,2599,85,2000
KY,whitley,21235,4101,7502,171,2000
KY,wolfe,21237,1136,1267,22,2000
KY,woodford,21239,3995,5890,252,2000
LA,acadia,22001,8892,13814,532,2000
LA,allen,22003,3914,4035,343,2000
LA,ascension,22005,13385,16818,641,2000
LA,assumption,22007,5222,4388,443,2000
LA,avoyelles,22009,6701,7329,623,2000
LA,beauregard,22011,3958,7862,385,2000
LA,bienville,22013,3413,3269,324,2000
LA,bossier,22015,11933,23224,758,2000
LA,caddo,22017,47530,46807,1302,2000
LA,calcasieu,22019,33919,38086,1631,2000
LA,caldwell,22021,1359,2817,152,2000
LA,cameron,22023,1435,2593,155,2000
LA,catahoula,22025,1718,2912,135,2000
LA,claiborne,22027,2721,3384,176,2000
LA,concordia,22029,3569,4627,303,2000
LA,east carroll,22035,1876,1280,89,2000
LA,east feliciana,22037,3870,4051,178,2000
LA,evangeline,22039,5763,7290,559,2000
LA,franklin,22041,2792,5363,201,2000
LA,grant,22043,2099,4784,172,2000
LA,iberia,22045,11762,17236,1022,2000
LA,iberville,22047,8355,5573,575,2000
LA,jackson,22049,2582,4347,177,2000
LA,jefferson,22051,70411,105003,3737,2000
LA,jefferson davis,22053,5162,6945,439,2000
LA,lafayette,22055,27190,48491,2612,2000
LA,lafourche,22057,14627,18575,1247,2000
LA,lincoln,22061,6851,9246,454,2000
LA,livingston,22063,11008,24889,968,2000
LA,madison,22065,2489,2127,127,2000
LA,morehouse,22067,5289,6641,391,2000
LA,natchitoches,22069,6924,7332,601,2000
LA,ouachita,22073,21457,35107,1647,2000
LA,plaquemines,22075,4425,6302,204,2000
LA,pointe coupee,22077,5813,4710,309,2000
LA,rapides,22079,18898,28831,1295,2000
LA,red river,22081,2177,2200,145,2000
LA,richland,22083,3282,4895,308,2000
LA,sabine,22085,2846,5754,262,2000
LA,st. bernard,22087,11682,16255,684,2000
LA,st. charles,22089,8918,11981,611,2000
LA,st. helena,22091,3059,1965,230,2000
LA,st. james,22093,6523,3813,369,2000
LA,st. landry,22097,18067,15449,635,2000
LA,st. martin,22099,9853,9961,964,2000
LA,st. mary,22101,9851,11325,634,2000
LA,st. tammany,22103,22722,59193,1822,2000
LA,tangipahoa,22105,15843,20421,891,2000
LA,tensas,22107,1580,1330,100,2000
LA,terrebonne,22109,14414,21314,947,2000
LA,union,22111,3205,5772,366,2000
LA,vermilion,22113,8704,12495,1036,2000
LA,vernon,22115,4655,8794,378,2000
LA,washington,22117,7399,8983,505,2000
LA,webster,22119,7197,9420,473,2000
LA,west baton rouge,22121,5058,4924,187,2000
LA,west carroll,22123,1319,3220,136,2000
LA,west feliciana,22125,2187,2512,161,2000
LA,winn,22127,2167,4028,166,2000
ME,androscoggin,23001,26251,19948,3046,2000
ME,aroostook,23003,17196,16555,1392,2000
ME,cumberland,23005,74203,58543,9874,2000
ME,franklin,23007,7593,6459,1396,2000
ME,hancock,23009,12983,12732,2859,2000
ME,kennebec,23011,31198,23967,3742,2000
ME,knox,23013,9453,8968,2080,2000
ME,lincoln,23015,8634,9457,1580,2000
ME,oxford,23017,13649,11835,2009,2000
ME,penobscot,23019,32868,35620,4718,2000
ME,piscataquis,23021,3745,4845,666,2000
ME,sagadahoc,23023,8844,8052,1510,2000
ME,somerset,23025,11538,10684,1729,2000
ME,waldo,23027,8477,8689,1972,2000
ME,washington,23029,6701,7958,1049,2000
ME,york,23031,46618,42304,5628,2000
MD,allegany,24001,10894,14656,821,2000
MD,anne arundel,24003,89624,104209,6824,2000
MD,calvert,24009,12986,16004,816,2000
MD,caroline,24011,3396,5300,256,2000
MD,carroll,24013,20146,41742,2139,2000
MD,cecil,24015,12327,15494,1055,2000
MD,charles,24017,21873,21768,951,2000
MD,dorchester,24019,5232,5847,313,2000
MD,frederick,24021,30725,45350,2586,2000
MD,garrett,24023,2872,7514,269,2000
MD,harford,24025,35665,52862,2897,2000
MD,howard,24027,58556,49809,4414,2000
MD,kent,24029,3627,4155,303,2000
MD,montgomery,24031,232453,124580,14655,2000
MD,prince george's,24033,216119,49987,5803,2000
MD,queen anne's,24035,6257,9970,534,2000
MD,st. mary's,24037,11912,16856,733,2000
MD,somerset,24039,3785,3609,210,2000
MD,talbot,24041,5854,8874,506,2000
MD,washington,24043,18221,27948,1301,2000
MD,wicomico,24045,14469,16338,988,2000
MD,worcester,24047,9389,10742,622,2000
MA,barnstable,25001,62363,49686,9037,2000
MA,bristol,25005,136325,62848,12164,2000
MA,dukes,25007,5474,2315,1067,2000
MA,norfolk,25021,188450,107033,21694,2000
MA,plymouth,25023,115376,82751,13450,2000
MA,worcester,25027,173769,114139,22240,2000
MI,alcona,26001,2696,3152,149,2000
MI,alger,26003,2071,2142,153,2000
MI,allegan,26005,15495,28197,1199,2000
MI,alpena,26007,7053,6769,310,2000
MI,antrim,26009,4329,6780,398,2000
MI,arenac,26011,3685,3421,161,2000
MI,baraga,26013,1400,1836,157,2000
MI,barry,26015,9769,15716,759,2000
MI,bay,26017,28251,22150,1235,2000
MI,benzie,26019,3546,4172,354,2000
MI,berrien,26021,28152,35689,1400,2000
MI,branch,26023,6691,8743,349,2000
MI,calhoun,26025,27312,26291,1477,2000
MI,cass,26027,8808,10545,472,2000
MI,charlevoix,26029,4958,7018,511,2000
MI,cheboygan,26031,5484,6815,318,2000
MI,chippewa,26033,6370,7526,458,2000
MI,clare,26035,6287,5937,383,2000
MI,clinton,26037,13394,18054,751,2000
MI,crawford,26039,2790,3345,229,2000
MI,delta,26041,7970,8871,475,2000
MI,dickinson,26043,5533,6932,367,2000
MI,eaton,26045,23211,24803,1258,2000
MI,emmet,26047,5451,8602,658,2000
MI,genesee,26049,119833,66641,4391,2000
MI,gladwin,26051,5573,5743,313,2000
MI,gogebic,26053,4066,3929,344,2000
MI,grand traverse,26055,14371,22358,1500,2000
MI,gratiot,26057,6538,8312,329,2000
MI,hillsdale,26059,6495,10483,495,2000
MI,houghton,26061,5688,7895,633,2000
MI,huron,26063,6899,8911,285,2000
MI,ingham,26065,69231,47314,4050,2000
MI,ionia,26067,9481,13915,574,2000
MI,iosco,26069,6505,6345,372,2000
MI,iron,26071,3014,2967,207,2000
MI,isabella,26073,10228,10053,788,2000
MI,jackson,26075,28160,32066,1720,2000
MI,kalamazoo,26077,48807,48254,3595,2000
MI,kalkaska,26079,2774,3842,233,2000
MI,kent,26081,95442,148602,6274,2000
MI,keweenaw,26083,540,740,63,2000
MI,lake,26085,2584,1961,148,2000
MI,lapeer,26087,15749,20351,1134,2000
MI,leelanau,26089,4635,6840,534,2000
MI,lenawee,26091,18365,20681,1047,2000
MI,livingston,26093,28780,44637,2058,2000
MI,luce,26095,956,1480,100,2000
MI,mackinac,26097,2533,3272,165,2000
MI,macomb,26099,172625,164265,8669,2000
MI,manistee,26101,5639,5401,388,2000
MI,marquette,26103,15503,12577,1099,2000
MI,mason,26105,5579,7066,371,2000
MI,mecosta,26107,6300,8072,382,2000
MI,menominee,26109,4597,5529,308,2000
MI,midland,26111,15959,21887,1042,2000
MI,missaukee,26113,2062,4274,160,2000
MI,monroe,26115,31555,28940,1300,2000
MI,montcalm,26117,9627,12696,581,2000
MI,montmorency,26119,2139,2750,120,2000
MI,muskegon,26121,37865,30028,1377,2000
MI,newaygo,26123,7677,11399,481,2000
MI,oakland,26125,281201,274319,14745,2000
MI,oceana,26127,4597,5913,262,2000
MI,ogemaw,26129,4896,4706,253,2000
MI,ontonagon,26131,1514,2472,165,2000
MI,osceola,26133,4006,5680,244,2000
MI,oscoda,26135,1677,2207,108,2000
MI,otsego,26137,4034,6108,363,2000
MI,ottawa,26139,29600,78703,2296,2000
MI,presque isle,26141,3242,3660,178,2000
MI,roscommon,26143,6433,6190,305,2000
MI,saginaw,26145,50825,41152,1779,2000
MI,st. clair,26147,33002,33571,1943,2000
MI,st. joseph,26149,8574,12906,544,2000
MI,sanilac,26151,7153,10966,447,2000
MI,schoolcraft,26153,2036,2088,74,2000
MI,shiawassee,26155,15520,15816,882,2000
MI,tuscola,26157,10845,13213,594,2000
MI,van buren,26159,13796,14792,894,2000
MI,washtenaw,26161,86647,52459,5834,2000
MI,wayne,26163,530414,223021,15192,2000
MI,wexford,26165,5326,7215,441,2000
MN,aitkin,27001,3830,3755,675,2000
MN,anoka,27003,68008,69256,8355,2000
MN,becker,27005,5253,8152,928,2000
MN,beltrami,27007,7301,8346,1570,2000
MN,benton,27009,6009,7663,1236,2000
MN,big stone,27011,1430,1370,180,2000
MN,blue earth,27013,12329,12942,2131,2000
MN,brown,27015,4650,7370,814,2000
MN,carlton,27017,8620,5578,883,2000
MN,carver,27019,12462,20790,1769,2000
MN,cass,27021,5534,7134,925,2000
MN,chippewa,27023,2952,2977,423,2000
MN,chisago,27025,9593,10937,1457,2000
MN,clay,27027,10128,11712,1518,2000
MN,clearwater,27029,1466,2137,221,2000
MN,cook,27031,1171,1295,354,2000
MN,cottonwood,27033,2503,3369,309,2000
MN,crow wing,27035,11255,15035,1838,2000
MN,dakota,27037,85446,87250,9553,2000
MN,dodge,27039,3370,4213,467,2000
MN,douglas,27041,6352,9811,1042,2000
MN,faribault,27043,3624,4336,464,2000
MN,fillmore,27045,5020,4646,557,2000
MN,freeborn,27047,8514,6843,782,2000
MN,goodhue,27049,9981,10852,1424,2000
MN,grant,27051,1507,1804,313,2000
MN,hennepin,27053,307599,225657,40590,2000
MN,houston,27055,4502,5077,588,2000
MN,hubbard,27057,3632,5307,674,2000
MN,isanti,27059,6247,7668,1014,2000
MN,itasca,27061,10583,9545,1586,2000
MN,jackson,27063,2364,2773,301,2000
MN,kanabec,27065,2831,3480,500,2000
MN,kandiyohi,27067,8220,10026,1039,2000
MN,kittson,27069,1107,1353,177,2000
MN,koochiching,27071,2903,3523,453,2000
MN,lac qui parle,27073,2244,1941,268,2000
MN,lake,27075,3579,2465,519,2000
MN,le sueur,27079,5361,6138,832,2000
MN,lincoln,27081,1590,1513,181,2000
MN,lyon,27083,4737,6087,665,2000
MN,mcleod,27085,5609,8782,1003,2000
MN,mahnomen,27087,921,1122,181,2000
MN,marshall,27089,1910,2912,377,2000
MN,martin,27091,4166,5686,519,2000
MN,meeker,27093,4402,5520,750,2000
MN,mille lacs,27095,4376,5223,654,2000
MN,morrison,27097,5274,8197,1206,2000
MN,mower,27099,10693,6873,914,2000
MN,murray,27101,2093,2407,253,2000
MN,nicollet,27103,7041,7221,1065,2000
MN,nobles,27105,3760,4766,346,2000
MN,norman,27107,1575,1808,258,2000
MN,olmsted,27109,25822,30641,2929,2000
MN,otter tail,27111,9844,16963,1704,2000
MN,pennington,27113,2458,3380,482,2000
MN,pine,27115,6148,5854,1066,2000
MN,pipestone,27117,1970,2693,231,2000
MN,polk,27119,5764,7609,767,2000
MN,pope,27121,2771,2808,408,2000
MN,ramsey,27123,138470,87669,18139,2000
MN,red lake,27125,830,1090,170,2000
MN,redwood,27127,2681,4589,478,2000
MN,renville,27129,3533,4036,553,2000
MN,rice,27131,13140,10876,2005,2000
MN,rock,27133,2081,2772,157,2000
MN,roseau,27135,2128,4695,343,2000
MN,st. louis,27137,64237,35420,7807,2000
MN,scott,27139,17503,23954,2336,2000
MN,sherburne,27141,12109,16813,1913,2000
MN,sibley,27143,2687,4087,561,2000
MN,stearns,27145,24800,32402,5274,2000
MN,steele,27147,6900,8223,943,2000
MN,stevens,27149,2434,2831,487,2000
MN,swift,27151,2698,2376,363,2000
MN,todd,27153,4132,6031,929,2000
MN,traverse,27155,884,1074,148,2000
MN,wabasha,27157,4522,5245,764,2000
MN,wadena,27159,2251,3733,398,2000
MN,waseca,27161,3694,4608,562,2000
MN,washington,27163,49637,51502,5870,2000
MN,watonwan,27165,2258,2562,314,2000
MN,wilkin,27167,1046,2032,227,2000
MN,winona,27169,11069,10773,2076,2000
MN,wright,27171,16762,23861,2743,2000
MN,yellow medicine,27173,2528,2598,389,2000
MS,adams,28001,8065,6691,123,2000
MS,alcorn,28003,5059,7254,325,2000
MS,amite,28005,2673,3677,58,2000
MS,attala,28007,2922,4206,45,2000
MS,benton,28009,1886,1561,34,2000
MS,bolivar,28011,8436,4847,255,2000
MS,calhoun,28013,2251,3448,59,2000
MS,carroll,28015,1726,3165,33,2000
MS,chickasaw,28017,3519,3549,107,2000
MS,choctaw,28019,1278,2398,43,2000
MS,claiborne,28021,3670,883,62,2000
MS,clarke,28023,2368,4503,48,2000
MS,clay,28025,4515,3570,80,2000
MS,coahoma,28027,5662,3695,196,2000
MS,copiah,28029,4845,5643,99,2000
MS,covington,28031,2623,4180,78,2000
MS,desoto,28033,9586,24879,471,2000
MS,forrest,28035,8500,13281,470,2000
MS,franklin,28037,1486,2427,40,2000
MS,george,28039,1977,5143,164,2000
MS,greene,28041,1317,3082,37,2000
MS,grenada,28043,4163,5129,93,2000
MS,hancock,28045,4801,9326,421,2000
MS,harrison,28047,19142,32256,1218,2000
MS,hinds,28049,46789,37753,3228,2000
MS,holmes,28051,5447,1937,38,2000
MS,humphreys,28053,2288,1628,28,2000
MS,issaquena,28055,555,366,20,2000
MS,itawamba,28057,2994,5424,146,2000
MS,jackson,28059,14193,30068,846,2000
MS,jasper,28061,3104,3294,49,2000
MS,jefferson,28063,2786,600,22,2000
MS,jones,28067,7713,16341,286,2000
MS,kemper,28069,2311,1915,35,2000
MS,lafayette,28071,5139,7081,458,2000
MS,lamar,28073,3478,12795,329,2000
MS,lauderdale,28075,8412,17315,243,2000
MS,lawrence,28077,2841,3674,72,2000
MS,leake,28079,2793,4114,45,2000
MS,lee,28081,9142,15551,401,2000
MS,leflore,28083,6401,4626,249,2000
MS,lincoln,28085,4358,8540,102,2000
MS,lowndes,28087,7537,11404,289,2000
MS,madison,28089,10416,19109,334,2000
MS,marion,28091,4114,6796,88,2000
MS,marshall,28093,7735,4723,134,2000
MS,monroe,28095,5783,7397,180,2000
MS,montgomery,28097,2187,2630,32,2000
MS,neshoba,28099,2563,6409,94,2000
MS,newton,28101,2147,5540,51,2000
MS,noxubee,28103,3383,1530,41,2000
MS,oktibbeha,28105,6443,7959,402,2000
MS,panola,28107,5880,5424,85,2000
MS,pearl river,28109,4611,11575,291,2000
MS,perry,28111,1285,3026,48,2000
MS,pike,28113,6544,7464,158,2000
MS,pontotoc,28115,2771,6601,138,2000
MS,prentiss,28117,3287,5101,94,2000
MS,quitman,28119,2103,1280,30,2000
MS,rankin,28121,8050,32983,402,2000
MS,scott,28123,3548,5601,57,2000
MS,sharkey,28125,1706,1074,123,2000
MS,simpson,28127,3227,6254,93,2000
MS,smith,28129,1620,4838,70,2000
MS,stone,28131,1677,3702,144,2000
MS,sunflower,28133,4981,3369,65,2000
MS,tallahatchie,28135,3041,2428,54,2000
MS,tate,28137,3441,5148,104,2000
MS,tippah,28139,2908,5381,114,2000
MS,tishomingo,28141,2747,4122,123,2000
MS,tunica,28143,1539,792,35,2000
MS,union,28145,3094,6087,130,2000
MS,walthall,28147,2356,3476,63,2000
MS,warren,28149,7485,10892,246,2000
MS,washington,28151,10405,7367,556,2000
MS,wayne,28153,2981,4635,89,2000
MS,webster,28155,1426,3069,50,2000
MS,wilkinson,28157,2551,1423,124,2000
MS,winston,28159,3672,4645,51,2000
MS,yalobusha,28161,2674,2470,84,2000
MS,yazoo,28163,4997,5254,265,2000
MO,adair,29001,4101,6050,401,2000
MO,andrew,29003,2795,4257,222,2000
MO,atchison,29005,1013,1798,60,2000
MO,audrain,29007,4551,5256,178,2000
MO,barry,29009,4135,7885,348,2000
MO,barton,29011,1424,3836,106,2000
MO,bates,29013,3386,4245,161,2000
MO,benton,29015,3150,4218,166,2000
MO,bollinger,29017,1692,3487,115,2000
MO,boone,29019,28811,28426,2372,2000
MO,buchanan,29021,17085,16423,1243,2000
MO,butler,29023,4996,9111,290,2000
MO,caldwell,29025,1488,2220,142,2000
MO,callaway,29027,6708,8238,362,2000
MO,camden,29029,6323,10358,418,2000
MO,carroll,29033,1620,2880,81,2000
MO,carter,29035,997,1730,81,2000
MO,cass,29037,14921,20113,835,2000
MO,cedar,29039,1979,3530,154,2000
MO,chariton,29041,1792,2300,62,2000
MO,christian,29043,7896,14824,508,2000
MO,clark,29045,1812,1899,91,2000
MO,clay,29047,39084,39083,2006,2000
MO,clinton,29049,3994,4323,214,2000
MO,cole,29051,12056,20167,552,2000
MO,cooper,29053,2567,4072,151,2000
MO,crawford,29055,3350,4754,198,2000
MO,dade,29057,1193,2468,91,2000
MO,dallas,29059,2311,3723,185,2000
MO,daviess,29061,1367,2011,116,2000
MO,dekalb,29063,1562,2363,124,2000
MO,dent,29065,1839,3996,153,2000
MO,douglas,29067,1546,3599,136,2000
MO,dunklin,29069,4947,5426,152,2000
MO,franklin,29071,16172,21863,1159,2000
MO,gasconade,29073,2257,4190,182,2000
MO,gentry,29075,1271,1771,63,2000
MO,greene,29077,41091,59178,2657,2000
MO,grundy,29079,1563,2976,169,2000
MO,harrison,29081,1328,2552,111,2000
MO,henry,29083,4459,5120,199,2000
MO,hickory,29085,1961,2172,105,2000
MO,holt,29087,871,1738,53,2000
MO,howard,29089,1944,2414,154,2000
MO,howell,29091,4641,9018,416,2000
MO,iron,29093,2044,2237,133,2000
MO,jackson,29095,160419,104418,7225,2000
MO,jasper,29097,11737,24899,845,2000
MO,jefferson,29099,38616,36766,1822,2000
MO,johnson,29101,6926,9339,522,2000
MO,knox,29103,787,1226,42,2000
MO,laclede,29105,4183,8556,307,2000
MO,lafayette,29107,6343,7849,328,2000
MO,lawrence,29109,4235,8305,363,2000
MO,lewis,29111,2023,2388,73,2000
MO,lincoln,29113,6961,8549,403,2000
MO,linn,29115,2646,3246,118,2000
MO,livingston,29117,2425,3709,142,2000
MO,mcdonald,29119,1866,4460,203,2000
MO,macon,29121,2817,4232,126,2000
MO,madison,29123,1828,2460,85,2000
MO,maries,29125,1554,2216,84,2000
MO,marion,29127,4993,6550,169,2000
MO,mercer,29129,555,1250,37,2000
MO,miller,29131,3217,5945,194,2000
MO,mississippi,29133,2756,2395,64,2000
MO,moniteau,29135,2176,3764,125,2000
MO,monroe,29137,1860,2175,59,2000
MO,montgomery,29139,2092,3106,105,2000
MO,morgan,29141,3235,4460,186,2000
MO,new madrid,29143,3738,3416,112,2000
MO,newton,29145,6447,14232,483,2000
MO,nodaway,29147,3553,5161,335,2000
MO,oregon,29149,1568,2521,144,2000
MO,osage,29151,1938,4154,86,2000
MO,ozark,29153,1432,2663,197,2000
MO,pemiscot,29155,3245,2750,65,2000
MO,perry,29157,2085,4667,151,2000
MO,pettis,29159,5855,9533,367,2000
MO,phelps,29161,6262,9444,440,2000
MO,pike,29163,3557,3648,146,2000
MO,platte,29165,15325,17785,944,2000
MO,polk,29167,3606,6430,258,2000
MO,pulaski,29169,3800,6531,200,2000
MO,putnam,29171,708,1593,33,2000
MO,ralls,29173,2033,2446,63,2000
MO,randolph,29175,4116,4844,226,2000
MO,ray,29177,4970,4517,260,2000
MO,reynolds,29179,1298,1762,71,2000
MO,ripley,29181,1820,3121,124,2000
MO,st. charles,29183,53806,72114,2766,2000
MO,st. clair,29185,1866,2731,142,2000
MO,st. francois,29187,9075,9327,439,2000
MO,ste. genevieve,29186,3600,3505,206,2000
MO,st. louis,29189,250631,224689,11564,2000
MO,saline,29195,4585,4572,198,2000
MO,schuyler,29197,808,1159,39,2000
MO,scotland,29199,790,1335,54,2000
MO,scott,29201,6452,8999,253,2000
MO,shannon,29203,1430,2245,106,2000
MO,shelby,29205,1262,1936,59,2000
MO,stoddard,29207,4476,7727,251,2000
MO,stone,29209,4055,7793,303,2000
MO,sullivan,29211,1127,1877,60,2000
MO,taney,29213,5092,9647,373,2000
MO,texas,29215,3486,6136,310,2000
MO,vernon,29217,3156,4985,267,2000
MO,warren,29219,4524,5979,237,2000
MO,washington,29221,4047,4020,198,2000
MO,wayne,29223,2387,3346,115,2000
MO,webster,29225,4174,7350,356,2000
MO,worth,29227,469,651,38,2000
MO,wright,29229,2250,5391,200,2000
MT,beaverhead,30001,799,3113,284,2000
MT,big horn,30003,2345,1651,165,2000
MT,blaine,30005,1246,1410,103,2000
MT,broadwater,30007,462,1488,124,2000
MT,carbon,30009,1434,3008,347,2000
MT,carter,30011,53,573,19,2000
MT,cascade,30013,13137,18164,2016,2000
MT,chouteau,30015,686,2039,160,2000
MT,custer,30017,1501,3156,248,2000
MT,daniels,30019,303,750,57,2000
MT,dawson,30021,1364,2723,184,2000
MT,deer lodge,30077,2672,1493,369,2000
MT,fallon,30025,256,1061,52,2000
MT,fergus,30027,1352,4353,289,2000
MT,flathead,30029,8329,22519,2991,2000
MT,gallatin,30031,10009,18833,3198,2000
MT,garfield,30033,61,651,32,2000
MT,glacier,30035,2211,1709,204,2000
MT,golden valley,30037,88,405,38,2000
MT,granite,30039,295,1181,114,2000
MT,hill,30041,2760,3392,406,2000
MT,jefferson,30043,1513,3308,342,2000
MT,judith basin,30045,278,1057,59,2000
MT,lake,30047,3884,6441,1123,2000
MT,liberty,30051,243,752,49,2000
MT,lincoln,30053,1629,5578,639,2000
MT,mccone,30055,267,827,48,2000
MT,madison,30057,758,2656,242,2000
MT,meagher,30059,176,698,61,2000
MT,mineral,30061,382,1078,179,2000
MT,missoula,30063,17241,21474,7861,2000
MT,musselshell,30065,512,1582,113,2000
MT,park,30067,2154,4523,729,2000
MT,petroleum,30069,36,254,16,2000
MT,phillips,30071,423,1727,78,2000
MT,pondera,30073,792,1948,156,2000
MT,powder river,30075,115,860,33,2000
MT,powell,30077,638,1971,223,2000
MT,prairie,30079,164,541,41,2000
MT,ravalli,30081,4451,11241,1546,2000
MT,richland,30083,1018,2858,157,2000
MT,roosevelt,30085,2059,1605,149,2000
MT,rosebud,30087,1394,1826,203,2000
MT,sanders,30089,1165,3144,412,2000
MT,sheridan,30091,702,1176,87,2000
MT,stillwater,30095,925,2765,228,2000
MT,sweet grass,30097,305,1450,91,2000
MT,teton,30099,847,2294,173,2000
MT,toole,30101,630,1639,109,2000
MT,treasure,30103,106,344,29,2000
MT,valley,30105,1273,2500,190,2000
MT,wheatland,30107,243,708,48,2000
MT,wibaux,30109,121,369,28,2000
MT,yellowstone,30111,20370,33922,3207,2000
NE,adams,31001,3686,8162,590,2000
NE,antelope,31003,678,2562,128,2000
NE,arthur,31005,26,235,11,2000
NE,banner,31007,65,390,7,2000
NE,blaine,31009,43,299,7,2000
NE,boone,31011,575,2196,91,2000
NE,box butte,31013,1614,3208,267,2000
NE,boyd,31015,265,931,46,2000
NE,brown,31017,250,1375,59,2000
NE,buffalo,31019,3927,11931,603,2000
NE,burt,31021,1223,2056,113,2000
NE,butler,31023,1028,2638,162,2000
NE,cass,31025,3656,6144,480,2000
NE,cedar,31027,1062,2989,218,2000
NE,chase,31029,306,1505,64,2000
NE,cherry,31031,446,2322,79,2000
NE,cheyenne,31033,844,3207,135,2000
NE,clay,31035,774,2326,115,2000
NE,colfax,31037,863,2338,114,2000
NE,cuming,31039,857,3232,126,2000
NE,custer,31041,976,4245,193,2000
NE,dakota,31043,2695,3119,247,2000
NE,dawes,31045,823,2549,249,2000
NE,dawson,31047,1740,5511,256,2000
NE,deuel,31049,213,783,37,2000
NE,dixon,31051,820,1834,138,2000
NE,dodge,31053,5021,8871,580,2000
NE,douglas,31055,73347,101025,8784,2000
NE,dundy,31057,179,801,31,2000
NE,fillmore,31059,848,2024,126,2000
NE,franklin,31061,420,1196,52,2000
NE,frontier,31063,244,1102,47,2000
NE,furnas,31065,534,1849,48,2000
NE,gage,31067,3516,5538,452,2000
NE,garden,31069,203,963,53,2000
NE,garfield,31071,202,718,43,2000
NE,gosper,31073,228,757,29,2000
NE,grant,31075,49,324,12,2000
NE,greeley,31077,416,839,55,2000
NE,hall,31079,5952,11803,791,2000
NE,hamilton,31081,1066,3251,174,2000
NE,harlan,31083,438,1358,56,2000
NE,hayes,31085,66,486,19,2000
NE,hitchcock,31087,312,1126,42,2000
NE,holt,31089,846,3954,159,2000
NE,hooker,31091,74,317,18,2000
NE,howard,31093,955,1760,112,2000
NE,jefferson,31095,1361,2351,135,2000
NE,johnson,31097,794,1210,108,2000
NE,kearney,31099,680,2333,109,2000
NE,keith,31101,778,2953,118,2000
NE,keya paha,31103,78,422,13,2000
NE,kimball,31105,379,1379,62,2000
NE,knox,31107,1037,2784,157,2000
NE,lancaster,31109,44650,55514,6968,2000
NE,lincoln,31111,5205,9220,689,2000
NE,logan,31113,60,336,16,2000
NE,loup,31115,84,284,10,2000
NE,mcpherson,31117,48,244,9,2000
NE,madison,31119,2772,9636,445,2000
NE,merrick,31121,848,2380,112,2000
NE,morrill,31123,460,1597,81,2000
NE,nance,31125,497,1105,63,2000
NE,nemaha,31127,1063,2177,129,2000
NE,nuckolls,31129,644,1701,98,2000
NE,otoe,31131,2208,4178,276,2000
NE,pawnee,31133,522,937,60,2000
NE,perkins,31135,243,1170,39,2000
NE,phelps,31137,934,3575,118,2000
NE,pierce,31139,570,2534,104,2000
NE,platte,31141,2612,9861,386,2000
NE,polk,31143,610,1925,78,2000
NE,red willow,31145,1188,3680,157,2000
NE,richardson,31147,1382,2623,145,2000
NE,rock,31149,141,725,28,2000
NE,saline,31151,2321,2581,243,2000
NE,sarpy,31153,14637,28979,1662,2000
NE,saunders,31155,2852,5688,379,2000
NE,seward,31159,2250,4457,309,2000
NE,sheridan,31161,392,2105,79,2000
NE,sherman,31163,564,1072,69,2000
NE,sioux,31165,98,629,25,2000
NE,stanton,31167,500,1895,91,2000
NE,thayer,31169,821,2096,89,2000
NE,thomas,31171,55,329,11,2000
NE,thurston,31173,924,1040,118,2000
NE,valley,31175,583,1610,70,2000
NE,washington,31177,2550,5758,318,2000
NE,wayne,31179,1001,2774,165,2000
NE,webster,31181,584,1302,59,2000
NE,wheeler,31183,85,351,17,2000
NE,york,31185,1407,4816,237,2000
NV,churchill,32001,2191,6237,453,2000
NV,clark,32003,196100,170932,13633,2000
NV,douglas,32005,5837,11193,2454,2000
NV,elko,32007,2542,11025,597,2000
NV,esmeralda,32009,116,333,154,2000
NV,eureka,32011,150,632,50,2000
NV,humboldt,32013,1128,3638,224,2000
NV,lander,32015,395,1619,130,2000
NV,lincoln,32017,461,1372,123,2000
NV,lyon,32019,3955,7270,689,2000
NV,mineral,32021,916,1227,231,2000
NV,nye,32023,4525,6904,693,2000
NV,pershing,32027,476,1221,159,2000
NV,storey,32029,666,1014,136,2000
NV,washoe,32031,52097,63640,5748,2000
NY,albany,36001,85617,47624,8728,2000
NY,allegany,36003,6336,11436,917,2000
NY,broome,36007,45381,36946,4736,2000
NY,cattaraugus,36009,13697,18382,1654,2000
NY,cayuga,36011,17031,14988,1959,2000
NY,chautauqua,36013,27016,29064,2640,2000
NY,chemung,36015,17424,18779,1507,2000
NY,chenango,36017,9112,10033,1105,2000
NY,clinton,36019,15542,13274,1739,2000
NY,columbia,36021,13489,13153,2049,2000
NY,cortland,36023,9691,9857,1175,2000
NY,delaware,36025,8450,10662,1063,2000
NY,dutchess,36027,52390,52669,6703,2000
NY,erie,36029,240176,160176,24302,2000
NY,essex,36031,7927,8822,1183,2000
NY,franklin,36033,8870,7643,934,2000
NY,fulton,36035,9314,11434,923,2000
NY,genesee,36037,10191,14459,1419,2000
NY,greene,36039,8480,11332,1282,2000
NY,hamilton,36041,1114,2388,180,2000
NY,herkimer,36043,12224,14147,1334,2000
NY,jefferson,36045,16799,18192,1427,2000
NY,lewis,36049,4333,6103,487,2000
NY,livingston,36051,10476,15244,1503,2000
NY,madison,36053,12017,14879,1470,2000
NY,monroe,36055,161743,141266,14753,2000
NY,montgomery,36057,10249,9765,795,2000
NY,nassau,36059,341610,226954,21143,2000
NY,niagara,36063,47781,40952,4524,2000
NY,oneida,36065,43933,47603,4460,2000
NY,onondaga,36067,109896,83678,10055,2000
NY,ontario,36069,19761,23885,2302,2000
NY,orange,36071,58170,62852,5527,2000
NY,orleans,36073,5991,9202,650,2000
NY,oswego,36075,22857,23249,2367,2000
NY,otsego,36077,11460,12219,1679,2000
NY,putnam,36079,18525,21853,2169,2000
NY,rensselaer,36083,34808,29562,4066,2000
NY,rockland,36087,69530,48441,4609,2000
NY,saratoga,36091,43359,46623,5075,2000
NY,schenectady,36093,35534,27961,3451,2000
NY,schoharie,36095,5390,7459,699,2000
NY,schuyler,36097,3301,4381,471,2000
NY,seneca,36099,6841,6734,758,2000
NY,steuben,36101,14600,24200,1763,2000
NY,suffolk,36103,306306,240992,26568,2000
NY,sullivan,36105,14348,12703,1473,2000
NY,tioga,36107,9170,12239,1045,2000
NY,tompkins,36109,21807,13351,4902,2000
NY,ulster,36111,38162,33447,6616,2000
NY,warren,36113,12193,14993,1435,2000
NY,washington,36115,9641,12596,1318,2000
NY,wayne,36117,14977,21701,1651,2000
NY,westchester,36119,218010,139278,14487,2000
NY,wyoming,36121,5935,10809,883,2000
NY,yates,36123,3962,5565,525,2000
NY,new york,36085,449300,79921,34011,2000
OH,adams,39001,3581,6380,274,2000
OH,allen,39003,13996,28647,1152,2000
OH,ashland,39005,6685,13533,1040,2000
OH,ashtabula,39007,19831,17940,1701,2000
OH,athens,39009,13158,9703,2586,2000
OH,auglaize,39011,5564,13770,558,2000
OH,belmont,39013,15980,12625,1536,2000
OH,brown,39015,5972,10027,430,2000
OH,butler,39017,46390,86587,3760,2000
OH,carroll,39019,4960,6732,569,2000
OH,champaign,39021,5955,9220,505,2000
OH,clark,39023,27984,27660,1915,2000
OH,clermont,39025,20927,47129,1821,2000
OH,clinton,39027,4791,9824,455,2000
OH,columbiana,39029,20657,21804,1966,2000
OH,coshocton,39031,5594,8243,431,2000
OH,crawford,39033,6721,11666,789,2000
OH,cuyahoga,39035,359913,192009,22770,2000
OH,darke,39037,7741,14817,709,2000
OH,defiance,39039,6175,9540,527,2000
OH,delaware,39041,17134,36639,1630,2000
OH,erie,39043,17732,16105,1178,2000
OH,fairfield,39045,19065,33523,1506,2000
OH,fayette,39047,3363,5685,230,2000
OH,franklin,39049,202018,197862,14194,2000
OH,fulton,39051,6805,11546,545,2000
OH,gallia,39053,4872,7511,393,2000
OH,geauga,39055,15327,25417,1856,2000
OH,greene,39057,25059,37946,2199,2000
OH,guernsey,39059,6643,8181,606,2000
OH,hamilton,39061,161578,204175,12146,2000
OH,hancock,39063,8798,20985,834,2000
OH,hardin,39065,4557,7124,387,2000
OH,harrison,39067,3351,3417,393,2000
OH,henry,39069,4367,8530,355,2000
OH,highland,39071,5328,9728,391,2000
OH,hocking,39073,4474,5702,580,2000
OH,holmes,39075,2066,6754,325,2000
OH,huron,39077,8183,12286,891,2000
OH,jackson,39079,5131,6958,401,2000
OH,jefferson,39081,17488,15038,2110,2000
OH,knox,39083,7133,13393,734,2000
OH,lake,39085,46497,51747,4320,2000
OH,lawrence,39087,11307,12531,614,2000
OH,licking,39089,23196,37180,2090,2000
OH,logan,39091,5945,11849,661,2000
OH,lorain,39093,59809,47957,4414,2000
OH,lucas,39095,108344,73342,5664,2000
OH,madison,39097,5287,8892,488,2000
OH,mahoning,39099,69212,40460,4447,2000
OH,marion,39101,10370,13617,828,2000
OH,medina,39103,26635,37349,2899,2000
OH,meigs,39105,3674,5750,371,2000
OH,mercer,39107,5212,12485,597,2000
OH,miami,39109,15584,26037,1220,2000
OH,monroe,39111,3605,3145,365,2000
OH,montgomery,39113,114597,109792,6598,2000
OH,morgan,39115,2261,3451,281,2000
OH,morrow,39117,4529,7842,468,2000
OH,muskingum,39119,13415,17995,1214,2000
OH,noble,39121,2296,3435,257,2000
OH,ottawa,39123,9485,9917,566,2000
OH,paulding,39125,3384,5210,352,2000
OH,perry,39127,5895,6440,493,2000
OH,pickaway,39129,6598,10717,425,2000
OH,pike,39131,4923,5333,304,2000
OH,portage,39133,31446,28271,3182,2000
OH,preble,39135,6375,11176,615,2000
OH,putnam,39137,4063,12837,444,2000
OH,richland,39139,20572,30138,2069,2000
OH,ross,39141,11662,13706,648,2000
OH,sandusky,39143,11146,13699,899,2000
OH,scioto,39145,13997,15022,926,2000
OH,seneca,39147,9512,13863,976,2000
OH,shelby,39149,6593,12476,601,2000
OH,stark,39151,75308,78153,6383,2000
OH,summit,39153,119759,96721,8359,2000
OH,trumbull,39155,57643,34654,3942,2000
OH,tuscarawas,39157,15879,19549,1690,2000
OH,union,39159,5040,11502,482,2000
OH,van wert,39161,4209,8679,331,2000
OH,vinton,39163,2037,2720,189,2000
OH,warren,39165,19142,48318,1618,2000
OH,washington,39167,10383,15342,790,2000
OH,wayne,39169,14779,25901,1756,2000
OH,williams,39171,5454,9941,524,2000
OH,wood,39173,22687,27504,2003,2000
OH,wyandot,39175,3397,6113,317,2000
OK,adair,40001,2361,3503,113,2000
OK,alfalfa,40003,583,1886,38,2000
OK,atoka,40005,1906,2375,43,2000
OK,beaver,40007,339,2092,25,2000
OK,beckham,40009,2408,4067,57,2000
OK,blaine,40011,1402,2633,59,2000
OK,bryan,40013,5554,6084,108,2000
OK,caddo,40015,4272,4835,103,2000
OK,canadian,40017,8367,22679,314,2000
OK,carter,40019,6659,9667,132,2000
OK,cherokee,40021,7256,6918,294,2000
OK,choctaw,40023,2799,2461,55,2000
OK,cimarron,40025,227,1230,27,2000
OK,cleveland,40027,27792,47393,986,2000
OK,coal,40029,1148,1196,18,2000
OK,comanche,40031,11971,17103,259,2000
OK,cotton,40033,1068,1388,26,2000
OK,craig,40035,2568,2815,101,2000
OK,creek,40037,9753,13580,408,2000
OK,custer,40039,3115,6527,101,2000
OK,delaware,40041,5514,7618,221,2000
OK,dewey,40043,599,1607,14,2000
OK,ellis,40045,468,1513,32,2000
OK,garfield,40047,6543,14902,238,2000
OK,garvin,40049,4189,5536,118,2000
OK,grady,40051,6037,10040,199,2000
OK,grant,40053,709,1762,32,2000
OK,greer,40055,839,1287,26,2000
OK,harmon,40057,507,692,6,2000
OK,harper,40059,374,1296,13,2000
OK,haskell,40061,2510,2039,79,2000
OK,hughes,40063,2334,2196,55,2000
OK,jackson,40065,2515,5591,53,2000
OK,jefferson,40067,1245,1320,28,2000
OK,johnston,40069,1809,2072,49,2000
OK,kay,40071,6122,11768,272,2000
OK,kingfisher,40073,1304,4693,59,2000
OK,kiowa,40075,1544,2173,33,2000
OK,latimer,40077,1865,1739,65,2000
OK,lincoln,40081,4140,7387,174,2000
OK,logan,40083,4510,8187,173,2000
OK,love,40085,1530,1807,35,2000
OK,mcclain,40087,3679,6750,110,2000
OK,mccurtain,40089,3752,6601,129,2000
OK,mcintosh,40091,4206,3444,131,2000
OK,major,40093,635,2672,45,2000
OK,marshall,40095,2210,2641,49,2000
OK,mayes,40097,6618,7132,251,2000
OK,murray,40099,2263,2609,50,2000
OK,muskogee,40101,12520,11820,353,2000
OK,noble,40103,1416,3230,51,2000
OK,nowata,40105,1703,2069,77,2000
OK,okfuskee,40107,1814,1910,64,2000
OK,oklahoma,40109,81590,139078,2443,2000
OK,okmulgee,40111,7186,5797,195,2000
OK,osage,40113,7540,8138,231,2000
OK,ottawa,40115,5647,5625,139,2000
OK,pawnee,40117,2435,3386,104,2000
OK,payne,40119,9319,15256,372,2000
OK,pittsburg,40121,7627,8514,216,2000
OK,pontotoc,40123,5387,7299,150,2000
OK,pottawatomie,40125,8763,13235,318,2000
OK,pushmataha,40127,1969,2331,48,2000
OK,roger mills,40129,441,1234,12,2000
OK,rogers,40131,10813,17713,425,2000
OK,seminole,40133,3783,4011,72,2000
OK,sequoyah,40135,5425,6614,215,2000
OK,stephens,40137,6467,10860,161,2000
OK,texas,40139,1084,4964,40,2000
OK,tillman,40141,1400,1920,29,2000
OK,tulsa,40143,81656,134152,2883,2000
OK,wagoner,40145,8244,12981,292,2000
OK,washington,40147,6644,13788,312,2000
OK,washita,40149,1564,2850,54,2000
OK,woods,40151,1235,2774,37,2000
OK,woodward,40153,1950,5067,83,2000
OR,baker,41001,2195,5618,445,2000
OR,benton,41003,19444,15825,2957,2000
OR,clackamas,41005,76421,77539,8302,2000
OR,clatsop,41007,8296,6950,1228,2000
OR,columbia,41009,10331,9369,1495,2000
OR,coos,41011,11610,15626,2143,2000
OR,crook,41013,2474,5363,440,2000
OR,curry,41015,4090,6551,872,2000
OR,deschutes,41017,22061,32132,3692,2000
OR,douglas,41019,14193,30294,2733,2000
OR,gilliam,41021,359,679,52,2000
OR,grant,41023,589,3078,179,2000
OR,harney,41025,766,2799,169,2000
OR,hood river,41027,4072,3721,756,2000
OR,jackson,41029,33153,46052,5591,2000
OR,jefferson,41031,2681,3838,378,2000
OR,josephine,41033,11864,22186,2683,2000
OR,klamath,41035,7541,18855,1448,2000
OR,lake,41037,707,2830,192,2000
OR,lane,41039,78583,61578,12027,2000
OR,lincoln,41041,10861,8446,1811,2000
OR,linn,41043,16682,25359,2347,2000
OR,malheur,41045,2336,7624,444,2000
OR,marion,41047,49430,57443,6461,2000
OR,morrow,41049,1197,2224,188,2000
OR,multnomah,41051,188441,83677,24567,2000
OR,polk,41053,11921,14988,1540,2000
OR,sherman,41055,326,679,57,2000
OR,tillamook,41057,5762,5775,839,2000
OR,umatilla,41059,7809,14140,1111,2000
OR,union,41061,3577,7836,663,2000
OR,wallowa,41063,836,3279,179,2000
OR,wasco,41065,4616,5356,692,2000
OR,washington,41067,90662,86091,9221,2000
OR,wheeler,41069,202,584,55,2000
OR,yamhill,41071,14254,19193,2092,2000
PA,adams,42001,11682,20848,903,2000
PA,allegheny,42003,329963,235361,17154,2000
PA,armstrong,42005,11127,15508,788,2000
PA,beaver,42007,38925,32491,2177,2000
PA,bedford,42009,5474,13598,363,2000
PA,berks,42011,59150,71273,4740,2000
PA,blair,42013,15774,28376,990,2000
PA,bradford,42015,7911,14660,759,2000
PA,bucks,42017,132914,121927,8581,2000
PA,butler,42019,25037,44009,1778,2000
PA,cambria,42021,30308,28001,1977,2000
PA,cameron,42023,779,1383,84,2000
PA,carbon,42025,10668,9717,892,2000
PA,centre,42027,21409,26172,1957,2000
PA,chester,42029,82047,100080,5435,2000
PA,clarion,42031,5605,9796,442,2000
PA,clearfield,42033,11718,18019,872,2000
PA,clinton,42035,5521,6064,409,2000
PA,columbia,42037,8975,12095,824,2000
PA,crawford,42039,13250,18858,1213,2000
PA,cumberland,42041,31053,54802,2207,2000
PA,dauphin,42043,44390,53631,2637,2000
PA,delaware,42045,134861,105836,7380,2000
PA,elk,42047,5754,7347,477,2000
PA,erie,42049,59399,49027,3909,2000
PA,fayette,42051,28152,20013,1367,2000
PA,forest,42053,843,1371,69,2000
PA,franklin,42055,14922,33042,1005,2000
PA,fulton,42057,1425,3753,107,2000
PA,greene,42059,7230,5890,514,2000
PA,huntingdon,42061,5073,10408,476,2000
PA,indiana,42063,13667,16799,935,2000
PA,jefferson,42065,5566,11473,535,2000
PA,juniata,42067,2656,5795,216,2000
PA,lackawanna,42069,57471,35096,3814,2000
PA,lancaster,42071,54968,115900,4449,2000
PA,lawrence,42073,20593,18060,987,2000
PA,lebanon,42075,16093,28534,1253,2000
PA,lehigh,42077,56667,55492,4121,2000
PA,luzerne,42079,62199,52328,5059,2000
PA,lycoming,42081,14663,27137,1383,2000
PA,mckean,42083,5510,9661,633,2000
PA,mercer,42085,23817,23132,1776,2000
PA,mifflin,42087,4835,9400,379,2000
PA,monroe,42089,21939,23265,1674,2000
PA,montgomery,42091,177990,145623,8809,2000
PA,montour,42093,2356,3960,176,2000
PA,northampton,42095,53097,47396,4197,2000
PA,northumberland,42097,13670,18142,1439,2000
PA,perry,42099,4459,11184,428,2000
PA,philadelphia,42101,449182,100959,11039,2000
PA,pike,42103,7330,9339,695,2000
PA,potter,42105,2037,4858,195,2000
PA,schuylkill,42107,26215,29841,2244,2000
PA,snyder,42109,3536,8963,342,2000
PA,somerset,42111,12028,20218,739,2000
PA,sullivan,42113,1066,1928,111,2000
PA,susquehanna,42115,6481,10226,564,2000
PA,tioga,42117,4617,9635,520,2000
PA,union,42119,4209,8523,443,2000
PA,venango,42121,8196,11642,685,2000
PA,warren,42123,7537,9290,714,2000
PA,washington,42125,44961,37339,2141,2000
PA,wayne,42127,6904,11201,809,2000
PA,westmoreland,42129,71792,80858,4059,2000
PA,wyoming,42131,4363,6922,408,2000
PA,york,42133,51958,87652,4634,2000
TN,anderson,47001,13556,14688,535,2000
TN,bedford,47003,6136,5911,160,2000
TN,benton,47005,3700,2484,127,2000
TN,bledsoe,47007,1756,2380,60,2000
TN,blount,47009,14688,25273,701,2000
TN,bradley,47011,8768,20167,508,2000
TN,campbell,47013,6492,5784,145,2000
TN,cannon,47015,2697,1924,76,2000
TN,carroll,47017,5239,5465,123,2000
TN,carter,47019,6724,12111,267,2000
TN,cheatham,47021,6062,6356,198,2000
TN,chester,47023,2192,3487,49,2000
TN,claiborne,47025,3841,5023,136,2000
TN,clay,47027,1931,1468,43,2000
TN,cocke,47029,3872,6185,182,2000
TN,coffee,47031,8741,8788,259,2000
TN,crockett,47033,2705,2676,59,2000
TN,cumberland,47035,7644,10994,379,2000
TN,decatur,47039,2278,2046,46,2000
TN,dekalb,47041,3765,2411,89,2000
TN,dickson,47043,8332,7016,208,2000
TN,dyer,47045,5425,6282,134,2000
TN,fayette,47047,5037,6402,90,2000
TN,fentress,47049,2529,3417,83,2000
TN,franklin,47051,7828,6560,303,2000
TN,gibson,47053,8663,8286,188,2000
TN,giles,47055,5527,4377,162,2000
TN,grainger,47057,2361,3746,87,2000
TN,greene,47059,7909,12540,367,2000
TN,grundy,47061,2970,1553,73,2000
TN,hamblen,47063,7564,11824,311,2000
TN,hamilton,47065,51708,66605,2066,2000
TN,hancock,47067,690,1343,42,2000
TN,hardeman,47069,4953,3729,121,2000
TN,hardin,47071,3735,4951,96,2000
TN,hawkins,47073,6753,10071,274,2000
TN,haywood,47075,3887,2554,37,2000
TN,henderson,47077,3166,5153,80,2000
TN,henry,47079,6093,5944,272,2000
TN,hickman,47081,4239,2914,111,2000
TN,houston,47083,2081,993,53,2000
TN,humphreys,47085,4205,2387,89,2000
TN,jackson,47087,3304,1384,66,2000
TN,jefferson,47089,5226,8657,204,2000
TN,johnson,47091,1813,3740,104,2000
TN,knox,47093,60969,86851,2766,2000
TN,lake,47095,1419,781,24,2000
TN,lauderdale,47097,4224,3329,65,2000
TN,lawrence,47099,6643,7613,214,2000
TN,lewis,47101,2281,2037,102,2000
TN,lincoln,47103,5060,5435,164,2000
TN,loudon,47105,5905,10266,235,2000
TN,mcminn,47107,6142,10155,303,2000
TN,mcnairy,47109,4003,4897,89,2000
TN,macon,47111,3059,3366,66,2000
TN,madison,47113,15781,17862,287,2000
TN,marion,47115,5441,4651,158,2000
TN,marshall,47117,5107,4105,147,2000
TN,maury,47119,11127,11930,343,2000
TN,meigs,47121,1555,1797,38,2000
TN,monroe,47123,5327,7514,162,2000
TN,montgomery,47125,18818,19644,582,2000
TN,morgan,47129,2921,3144,97,2000
TN,obion,47131,6056,6168,216,2000
TN,overton,47133,4507,2875,114,2000
TN,perry,47135,1650,1165,51,2000
TN,pickett,47137,939,1281,19,2000
TN,polk,47139,2574,2907,113,2000
TN,putnam,47141,10785,11248,405,2000
TN,rhea,47143,3722,5900,150,2000
TN,roane,47145,9575,11345,406,2000
TN,robertson,47147,10249,9675,240,2000
TN,rutherford,47149,27360,33445,1377,2000
TN,scott,47151,2967,3579,69,2000
TN,sequatchie,47153,1648,2169,70,2000
TN,sevier,47155,8208,16734,423,2000
TN,shelby,47157,190404,141756,4595,2000
TN,smith,47159,4884,2384,80,2000
TN,stewart,47161,2870,1826,86,2000
TN,sullivan,47163,21354,33482,891,2000
TN,sumner,47165,22118,27601,758,2000
TN,tipton,47167,6300,10070,182,2000
TN,unicoi,47171,2566,3780,83,2000
TN,union,47173,2564,3199,58,2000
TN,van buren,47175,1255,845,31,2000
TN,warren,47177,7378,5552,201,2000
TN,washington,47179,14769,22579,594,2000
TN,wayne,47181,1859,3370,77,2000
TN,weakley,47183,5570,6106,168,2000
TN,white,47185,4135,3525,115,2000
TN,williamson,47187,18745,38901,783,2000
TN,wilson,47189,16561,18844,511,2000
TX,anderson,48001,5041,9835,204,2000
TX,andrews,48003,876,3091,57,2000
TX,angelina,48005,9957,16648,369,2000
TX,aransas,48007,2637,5390,220,2000
TX,archer,48009,993,2951,53,2000
TX,armstrong,48011,150,772,16,2000
TX,atascosa,48013,4322,6231,193,2000
TX,austin,48015,2407,6661,159,2000
TX,bailey,48017,488,1589,13,2000
TX,bandera,48019,1426,5613,234,2000
TX,bastrop,48021,6973,10310,1025,2000
TX,baylor,48023,663,1285,36,2000
TX,bee,48025,3795,4429,106,2000
TX,bell,48027,21011,41208,1072,2000
TX,bexar,48029,185158,215613,11955,2000
TX,blanco,48031,811,2777,179,2000
TX,borden,48033,62,283,8,2000
TX,bosque,48035,1930,4745,95,2000
TX,bowie,48037,11662,18325,333,2000
TX,brazoria,48039,24883,53445,1691,2000
TX,brazos,48041,12359,32864,1718,2000
TX,brewster,48043,1349,1867,364,2000
TX,briscoe,48045,224,544,4,2000
TX,brooks,48047,1854,556,21,2000
TX,brown,48049,3138,9609,173,2000
TX,burleson,48051,2235,3542,89,2000
TX,burnet,48053,3557,9286,389,2000
TX,caldwell,48055,3872,5216,337,2000
TX,calhoun,48057,2766,3724,73,2000
TX,callahan,48059,1174,3656,66,2000
TX,cameron,48061,33214,27800,1043,2000
TX,camp,48063,1625,2121,38,2000
TX,carson,48065,480,2216,46,2000
TX,cass,48067,4618,6295,106,2000
TX,castro,48069,727,1607,20,2000
TX,chambers,48071,2888,6769,149,2000
TX,cherokee,48073,4755,9599,183,2000
TX,childress,48075,602,1506,18,2000
TX,clay,48077,1460,3112,65,2000
TX,cochran,48079,344,807,20,2000
TX,coke,48081,355,1137,23,2000
TX,coleman,48083,853,2687,38,2000
TX,collin,48085,42884,128179,4357,2000
TX,collingsworth,48087,429,974,12,2000
TX,colorado,48089,2229,4913,107,2000
TX,comal,48091,7131,24599,1018,2000
TX,comanche,48093,1636,3334,52,2000
TX,concho,48095,268,818,17,2000
TX,cooke,48097,3153,10128,188,2000
TX,coryell,48099,4493,10321,273,2000
TX,cottle,48101,241,502,14,2000
TX,crane,48103,387,1246,21,2000
TX,crockett,48105,467,924,7,2000
TX,crosby,48107,705,1270,27,2000
TX,culberson,48109,577,413,22,2000
TX,dallam,48111,341,1385,18,2000
TX,dallas,48113,275308,322345,15386,2000
TX,dawson,48115,1463,3337,39,2000
TX,deaf smith,48117,1240,3687,57,2000
TX,delta,48119,726,1143,31,2000
TX,denton,48121,40144,102171,4475,2000
TX,dewitt,48123,1570,4541,72,2000
TX,dickens,48125,284,589,8,2000
TX,dimmit,48127,2678,1032,43,2000
TX,donley,48129,360,1333,26,2000
TX,duval,48131,3990,1010,30,2000
TX,eastland,48133,1774,4531,109,2000
TX,ector,48135,9425,22893,583,2000
TX,edwards,48137,261,663,13,2000
TX,el paso,48141,83848,57574,3620,2000
TX,ellis,48139,10629,26091,587,2000
TX,erath,48143,2804,8126,185,2000
TX,falls,48145,2417,3239,59,2000
TX,fannin,48147,4102,6074,164,2000
TX,fayette,48149,2542,6658,187,2000
TX,fisher,48151,884,968,20,2000
TX,floyd,48153,580,1830,10,2000
TX,foard,48155,263,286,7,2000
TX,fort bend,48157,47569,73567,2373,2000
TX,franklin,48159,1018,2420,34,2000
TX,freestone,48161,2316,4247,78,2000
TX,frio,48163,2317,1774,37,2000
TX,gaines,48165,723,2691,45,2000
TX,galveston,48167,40020,50397,2566,2000
TX,garza,48169,454,1302,14,2000
TX,gillespie,48171,1511,8096,313,2000
TX,glasscock,48173,39,528,4,2000
TX,goliad,48175,1233,2108,51,2000
TX,gonzales,48177,1877,4092,100,2000
TX,gray,48179,1376,6732,77,2000
TX,grayson,48181,13647,25596,697,2000
TX,gregg,48183,11244,26739,450,2000
TX,grimes,48185,2450,4197,155,2000
TX,guadalupe,48187,8311,21499,757,2000
TX,hale,48189,2158,6868,84,2000
TX,hall,48191,472,966,8,2000
TX,hamilton,48193,878,2447,51,2000
TX,hansford,48195,198,1874,16,2000
TX,hardeman,48197,566,976,15,2000
TX,hardin,48199,5595,11962,279,2000
TX,harris,48201,418267,529159,27396,2000
TX,harrison,48203,8878,13834,258,2000
TX,hartley,48205,359,1645,27,2000
TX,haskell,48207,1401,1488,38,2000
TX,hays,48209,11387,20170,2760,2000
TX,hemphill,48211,251,1203,20,2000
TX,henderson,48213,8704,16607,316,2000
TX,hidalgo,48215,61390,38301,1359,2000
TX,hill,48217,3524,7054,157,2000
TX,hockley,48219,1419,5250,76,2000
TX,hood,48221,4704,12429,372,2000
TX,hopkins,48223,3692,7076,142,2000
TX,houston,48225,2833,5308,95,2000
TX,howard,48227,2744,6668,136,2000
TX,hudspeth,48229,380,514,28,2000
TX,hunt,48231,7857,16177,432,2000
TX,hutchinson,48233,1796,7443,112,2000
TX,irion,48235,162,624,7,2000
TX,jack,48237,822,2107,45,2000
TX,jackson,48239,1446,3365,45,2000
TX,jasper,48241,4533,7071,138,2000
TX,jeff davis,48243,283,708,69,2000
TX,jefferson,48245,45409,40320,1180,2000
TX,jim hogg,48247,1512,623,22,2000
TX,jim wells,48249,7418,4498,107,2000
TX,johnson,48251,11778,26202,746,2000
TX,jones,48253,1899,4080,69,2000
TX,karnes,48255,1617,2638,53,2000
TX,kaufman,48257,7455,15290,318,2000
TX,kendall,48259,1901,8788,384,2000
TX,kenedy,48261,119,106,3,2000
TX,kent,48263,185,346,5,2000
TX,kerr,48265,4002,14637,589,2000
TX,kimble,48267,328,1313,25,2000
TX,king,48269,14,120,3,2000
TX,kinney,48271,486,932,26,2000
TX,kleberg,48273,4481,4526,187,2000
TX,knox,48275,617,947,12,2000
TX,lamar,48277,5553,9775,102,2000
TX,lamb,48279,1114,3451,33,2000
TX,lampasas,48281,1569,4526,119,2000
TX,lavaca,48285,2171,5288,87,2000
TX,lee,48287,1733,3699,104,2000
TX,leon,48289,1893,4362,71,2000
TX,liberty,48291,7311,12458,308,2000
TX,limestone,48293,2768,4212,95,2000
TX,lipscomb,48295,206,1072,16,2000
TX,live oak,48297,1114,2828,62,2000
TX,llano,48299,2143,6295,189,2000
TX,loving,48301,29,124,3,2000
TX,lubbock,48303,18469,56054,1485,2000
TX,lynn,48305,562,1507,15,2000
TX,mcculloch,48307,794,2084,42,2000
TX,mclennan,48309,23462,43955,1372,2000
TX,mcmullen,48311,77,358,4,2000
TX,madison,48313,1241,2333,49,2000
TX,marion,48315,1852,2039,39,2000
TX,martin,48317,415,1520,14,2000
TX,mason,48319,417,1352,32,2000
TX,matagorda,48321,4696,7584,179,2000
TX,maverick,48323,5995,3143,91,2000
TX,medina,48325,4025,8590,258,2000
TX,menard,48327,334,642,14,2000
TX,midland,48329,7534,31514,692,2000
TX,milam,48331,3429,4706,134,2000
TX,mills,48333,548,1738,28,2000
TX,mitchell,48335,837,1708,29,2000
TX,montague,48337,2256,4951,123,2000
TX,montgomery,48339,23286,80600,2327,2000
TX,moore,48341,1040,4201,49,2000
TX,morris,48343,2455,2381,53,2000
TX,motley,48345,118,514,10,2000
TX,nacogdoches,48347,6204,13145,450,2000
TX,navarro,48349,5366,8358,166,2000
TX,newton,48351,2503,2423,64,2000
TX,nolan,48353,1874,3337,101,2000
TX,nueces,48355,45349,49906,2071,2000
TX,ochiltree,48357,251,2687,24,2000
TX,oldham,48359,108,659,7,2000
TX,orange,48361,11887,17325,442,2000
TX,palo pinto,48363,3263,5690,165,2000
TX,panola,48365,3011,5975,88,2000
TX,parker,48367,8878,23651,696,2000
TX,parmer,48369,447,2274,23,2000
TX,pecos,48371,1539,2700,64,2000
TX,polk,48373,6877,11746,371,2000
TX,potter,48375,7242,17629,505,2000
TX,presidio,48377,1064,618,75,2000
TX,rains,48379,1225,2049,59,2000
TX,randall,48381,7209,33921,660,2000
TX,reagan,48383,282,959,14,2000
TX,real,48385,316,1146,28,2000
TX,red river,48387,2219,2941,42,2000
TX,reeves,48389,1872,1273,31,2000
TX,refugio,48391,1172,1721,28,2000
TX,roberts,48393,72,472,5,2000
TX,robertson,48395,3283,3007,79,2000
TX,rockwall,48397,3642,13666,344,2000
TX,runnels,48399,969,3020,57,2000
TX,rusk,48401,4841,11611,181,2000
TX,sabine,48403,1753,2764,74,2000
TX,san jacinto,48407,2946,4623,145,2000
TX,san patricio,48409,7840,10599,260,2000
TX,san saba,48411,618,1691,24,2000
TX,schleicher,48413,338,826,9,2000
TX,scurry,48415,1193,4060,73,2000
TX,shackelford,48417,264,1066,17,2000
TX,shelby,48419,3227,5692,86,2000
TX,sherman,48421,144,998,21,2000
TX,smith,48423,16470,43320,834,2000
TX,somervell,48425,752,2120,46,2000
TX,starr,48427,6505,1911,48,2000
TX,stephens,48429,811,2425,55,2000
TX,sterling,48431,132,520,7,2000
TX,stonewall,48433,294,496,9,2000
TX,sutton,48435,468,1063,9,2000
TX,swisher,48437,856,1612,33,2000
TX,tarrant,48439,173758,286921,11710,2000
TX,taylor,48441,10504,31701,815,2000
TX,terrell,48443,219,243,15,2000
TX,terry,48445,1108,2910,36,2000
TX,throckmorton,48447,228,608,6,2000
TX,titus,48449,3008,4995,100,2000
TX,tom green,48451,9288,24733,605,2000
TX,travis,48453,125526,141235,34502,2000
TX,trinity,48455,2142,3093,62,2000
TX,tyler,48457,2775,4236,105,2000
TX,upshur,48459,4180,8448,180,2000
TX,upton,48461,266,982,25,2000
TX,uvalde,48463,3436,4855,129,2000
TX,val verde,48465,5056,6223,195,2000
TX,van zandt,48467,5245,12383,263,2000
TX,victoria,48469,8176,18787,445,2000
TX,walker,48471,4943,9076,355,2000
TX,waller,48473,5046,5686,126,2000
TX,ward,48475,1256,2534,84,2000
TX,washington,48477,2996,8645,168,2000
TX,webb,48479,18120,13076,375,2000
TX,wharton,48481,4838,8455,133,2000
TX,wheeler,48483,579,1787,23,2000
TX,wichita,48485,14108,27802,803,2000
TX,wilbarger,48487,1356,3138,83,2000
TX,willacy,48489,3218,1789,55,2000
TX,williamson,48491,26591,65041,4303,2000
TX,wilson,48493,3997,7509,192,2000
TX,winkler,48495,556,1468,19,2000
TX,wise,48497,4830,11234,304,2000
TX,wood,48499,3893,9810,181,2000
TX,yoakum,48501,531,1911,23,2000
TX,young,48503,1843,5022,89,2000
TX,zapata,48505,1638,953,25,2000
TX,zavala,48507,2616,751,24,2000
UT,beaver,49001,541,1653,58,2000
UT,box elder,49003,2555,12288,640,2000
UT,cache,49005,5170,25920,2052,2000
UT,carbon,49007,3298,3758,328,2000
UT,daggett,49009,104,317,14,2000
UT,davis,49011,18845,64375,4635,2000
UT,duchesne,49013,779,3622,145,2000
UT,emery,49015,958,3243,197,2000
UT,garfield,49017,178,1719,71,2000
UT,grand,49019,1158,1822,634,2000
UT,iron,49021,1789,10106,699,2000
UT,juab,49023,619,2023,143,2000
UT,kane,49025,387,2254,161,2000
UT,millard,49027,696,3850,229,2000
UT,morgan,49029,553,2464,154,2000
UT,piute,49031,133,626,22,2000
UT,rich,49033,152,736,15,2000
UT,salt lake,49035,107576,171585,28097,2000
UT,san juan,49037,1838,2721,185,2000
UT,sanpete,49039,1211,5781,438,2000
UT,sevier,49041,1046,5763,268,2000
UT,summit,49043,4601,6168,1352,2000
UT,tooele,49045,4001,7807,672,2000
UT,uintah,49047,1387,6733,277,2000
UT,utah,49049,16445,98255,5556,2000
UT,wasatch,49051,1476,3819,380,2000
UT,washington,49053,5465,25481,1515,2000
UT,wayne,49055,202,953,70,2000
UT,weber,49057,19890,39254,3598,2000
VT,addison,50001,8936,6953,1538,2000
VT,bennington,50003,9021,7284,1372,2000
VT,caledonia,50005,5859,6746,1036,2000
VT,chittenden,50007,39156,26105,6756,2000
VT,essex,50009,1129,1564,199,2000
VT,franklin,50011,9514,8395,1285,2000
VT,grand isle,50013,1835,1550,253,2000
VT,lamoille,50015,5676,4456,1114,2000
VT,orange,50017,6694,6858,1143,2000
VT,orleans,50019,5472,5799,861,2000
VT,rutland,50021,13990,13546,1826,2000
VT,washington,50023,15281,11448,3020,2000
VT,windham,50025,11319,7358,2814,2000
VT,windsor,50027,15140,11713,2294,2000
VA,accomack,51001,5092,6352,481,2000
VA,albemarle,51003,16255,18291,2300,2000
VA,alleghany,51005,2214,2808,101,2000
VA,amelia,51007,1754,2947,87,2000
VA,amherst,51009,4812,6660,240,2000
VA,appomattox,51011,2132,3654,141,2000
VA,arlington,51013,50260,28555,4744,2000
VA,augusta,51015,6643,17744,884,2000
VA,bath,51017,822,1311,77,2000
VA,bland,51021,851,1759,78,2000
VA,botetourt,51023,4627,8867,346,2000
VA,brunswick,51025,3387,2561,49,2000
VA,buchanan,51027,5745,3867,244,2000
VA,buckingham,51029,2561,2738,155,2000
VA,campbell,51031,6659,13162,506,2000
VA,caroline,51033,4314,3873,164,2000
VA,carroll,51035,3638,7142,221,2000
VA,charles city,51036,1981,1023,62,2000
VA,charlotte,51037,2017,2855,122,2000
VA,chesterfield,51041,38638,69924,2389,2000
VA,clarke,51043,2166,2883,235,2000
VA,craig,51045,851,1580,62,2000
VA,culpeper,51047,4364,7440,440,2000
VA,cumberland,51049,1405,1974,128,2000
VA,dickenson,51051,3951,3122,153,2000
VA,dinwiddie,51053,4001,4959,176,2000
VA,essex,51057,1750,1995,86,2000
VA,fauquier,51061,8296,14456,729,2000
VA,floyd,51063,1957,3423,359,2000
VA,fluvanna,51065,3431,4962,313,2000
VA,frederick,51069,7158,14574,660,2000
VA,giles,51071,3004,3574,242,2000
VA,gloucester,51073,4553,8718,428,2000
VA,goochland,51075,3197,5378,202,2000
VA,grayson,51077,2467,4236,149,2000
VA,greene,51079,1774,3375,263,2000
VA,greensville,51081,2314,1565,27,2000
VA,halifax,51083,5963,7732,377,2000
VA,hanover,51085,12044,28614,927,2000
VA,henrico,51087,48645,62887,2720,2000
VA,henry,51089,8898,11870,695,2000
VA,highland,51091,453,942,42,2000
VA,isle of wight,51093,5162,7587,201,2000
VA,james city,51095,9090,14628,774,2000
VA,king george,51099,2070,3590,192,2000
VA,king and queen,51097,1387,1423,49,2000
VA,king william,51101,2125,3547,97,2000
VA,lancaster,51103,1937,3411,107,2000
VA,lee,51105,4031,4551,166,2000
VA,loudoun,51107,30938,42453,2262,2000
VA,louisa,51109,4309,5461,326,2000
VA,lunenburg,51111,2026,2510,55,2000
VA,madison,51113,1844,2940,243,2000
VA,mathews,51115,1499,2951,159,2000
VA,mecklenburg,51117,4797,6600,257,2000
VA,middlesex,51119,1671,2844,174,2000
VA,montgomery,51121,11720,13991,1449,2000
VA,nelson,51125,2907,2913,325,2000
VA,new kent,51127,2055,3934,125,2000
VA,northampton,51131,2340,2299,253,2000
VA,northumberland,51133,2118,3362,125,2000
VA,nottoway,51135,2460,2870,162,2000
VA,orange,51137,4126,5991,366,2000
VA,page,51139,2726,5089,181,2000
VA,patrick,51141,2254,4901,230,2000
VA,pittsylvania,51143,7834,15760,661,2000
VA,powhatan,51145,2708,6820,183,2000
VA,prince edward,51147,2922,3214,227,2000
VA,prince george,51149,4182,6579,139,2000
VA,prince william,51153,44745,52788,2978,2000
VA,pulaski,51155,5255,7089,353,2000
VA,rappahannock,51157,1462,1850,201,2000
VA,rockbridge,51163,2953,4522,352,2000
VA,rockingham,51165,5834,17482,678,2000
VA,russell,51167,5442,5065,285,2000
VA,scott,51169,3552,5535,248,2000
VA,shenandoah,51171,4420,9636,396,2000
VA,smyth,51173,4836,6580,324,2000
VA,southampton,51175,3359,3293,62,2000
VA,spotsylvania,51177,13455,20739,827,2000
VA,stafford,51179,12596,20731,919,2000
VA,surry,51181,1845,1313,72,2000
VA,sussex,51183,2006,1745,155,2000
VA,tazewell,51185,7227,8655,462,2000
VA,warren,51187,4313,6335,518,2000
VA,washington,51191,7549,12064,609,2000
VA,westmoreland,51193,2922,2932,172,2000
VA,wise,51195,6412,6504,394,2000
VA,wythe,51197,3462,6539,224,2000
VA,york,51199,8622,15312,649,2000
VA,alexandria,51510,33633,19043,2523,2000
VA,bedford,51019,1078,1269,94,2000
VA,bristol,51520,2646,3495,138,2000
VA,buena vista,51530,941,980,54,2000
VA,charlottesville,51540,7762,4034,1428,2000
VA,chesapeake,51550,33578,39684,1323,2000
VA,colonial heights,51570,2100,5519,163,2000
VA,covington,51580,1168,966,80,2000
VA,danville,51590,8221,9427,659,2000
VA,emporia,51595,1116,938,26,2000
VA,falls church,51610,3109,2131,353,2000
VA,fredericksburg,51630,3360,2935,386,2000
VA,galax,51640,996,1160,57,2000
VA,hampton,51650,27490,19561,836,2000
VA,harrisonburg,51660,3482,5741,735,2000
VA,hopewell,51670,3024,3749,205,2000
VA,lexington,51678,1048,957,135,2000
VA,lynchburg,51680,10374,12518,614,2000
VA,manassas,51683,5262,6752,396,2000
VA,manassas park,51685,1048,1460,72,2000
VA,martinsville,51690,3048,2560,86,2000
VA,newport news,51700,29779,27006,1040,2000
VA,norfolk,51710,38221,21920,1805,2000
VA,norton,51720,867,639,24,2000
VA,petersburg,51730,8751,2109,202,2000
VA,poquoson,51735,1448,4271,142,2000
VA,portsmouth,51740,22286,12628,541,2000
VA,radford,51750,2063,2190,195,2000
VA,salem,51775,4348,6188,234,2000
VA,staunton,51790,3324,4878,312,2000
VA,suffolk,51800,12471,11836,354,2000
VA,virginia beach,51810,62268,83674,3829,2000
VA,waynesboro,51820,2737,4084,281,2000
VA,williamsburg,51830,1724,1777,224,2000
VA,winchester,51840,3318,4314,254,2000
WA,adams,53001,1406,3440,128,2000
WA,asotin,53003,2736,4909,340,2000
WA,benton,53005,19512,38367,1900,2000
WA,chelan,53007,8412,16980,1125,2000
WA,clallam,53009,13779,16251,2202,2000
WA,clark,53011,61767,67219,6558,2000
WA,columbia,53013,515,1523,69,2000
WA,cowlitz,53015,18233,16873,1856,2000
WA,douglas,53017,3822,8512,521,2000
WA,ferry,53019,932,1896,210,2000
WA,franklin,53021,4653,8594,367,2000
WA,garfield,53023,300,982,47,2000
WA,grant,53025,7073,15830,895,2000
WA,grays harbor,53027,13304,11225,1443,2000
WA,island,53029,14778,16408,1818,2000
WA,jefferson,53031,8281,6095,1457,2000
WA,king,53033,476700,273171,44325,2000
WA,kitsap,53035,50302,46427,5867,2000
WA,kittitas,53037,5516,7727,843,2000
WA,klickitat,53039,3062,4557,540,2000
WA,lewis,53041,9891,18565,1530,2000
WA,lincoln,53043,1417,3546,234,2000
WA,mason,53045,10876,10257,1347,2000
WA,okanogan,53047,4335,9384,1079,2000
WA,pacific,53049,4895,4042,582,2000
WA,pend oreille,53051,1973,3076,389,2000
WA,pierce,53053,138249,118431,11747,2000
WA,san juan,53055,4426,3005,976,2000
WA,skagit,53057,20432,22163,2626,2000
WA,skamania,53059,1753,2151,345,2000
WA,snohomish,53061,129612,109615,11740,2000
WA,spokane,53063,74604,89299,8209,2000
WA,stevens,53065,5560,11299,1140,2000
WA,thurston,53067,50467,39924,7031,2000
WA,wahkiakum,53069,803,1033,137,2000
WA,walla walla,53071,7188,13304,873,2000
WA,whatcom,53073,34033,34287,5437,2000
WA,whitman,53075,6509,9003,725,2000
WA,yakima,53077,25546,39494,2259,2000
WI,adams,55001,4826,3920,370,2000
WI,ashland,55003,4356,3038,496,2000
WI,barron,55005,8928,9848,1128,2000
WI,bayfield,55007,4427,3266,566,2000
WI,brown,55009,49096,54258,4415,2000
WI,buffalo,55011,3237,3038,366,2000
WI,burnett,55013,3626,3967,558,2000
WI,calumet,55015,8202,10837,908,2000
WI,chippewa,55017,12102,12835,1236,2000
WI,clark,55019,5931,7461,757,2000
WI,columbia,55021,12636,11987,964,2000
WI,crawford,55023,4005,3024,365,2000
WI,dane,55025,142317,75790,14632,2000
WI,dodge,55027,14580,21684,1437,2000
WI,door,55029,6560,7810,850,2000
WI,douglas,55031,13593,6930,1183,2000
WI,dunn,55033,9172,8911,1247,2000
WI,eau claire,55035,24078,20921,2876,2000
WI,florence,55037,816,1528,61,2000
WI,fond du lac,55039,18181,26548,1860,2000
WI,forest,55041,2158,2404,154,2000
WI,grant,55043,10691,10240,1025,2000
WI,green,55045,7863,6790,623,2000
WI,green lake,55047,3301,5451,355,2000
WI,iowa,55049,5842,4221,478,2000
WI,iron,55051,1620,1734,153,2000
WI,jackson,55053,4380,3670,367,2000
WI,jefferson,55055,15203,19204,1692,2000
WI,juneau,55057,4813,4910,495,2000
WI,kenosha,55059,32429,28891,2389,2000
WI,kewaunee,55061,4670,4883,531,2000
WI,la crosse,55063,28455,24327,2777,2000
WI,lafayette,55065,3710,3336,217,2000
WI,langlade,55067,4199,5125,397,2000
WI,lincoln,55069,6664,6727,848,2000
WI,manitowoc,55071,17667,19358,1799,2000
WI,marathon,55073,26546,28883,2945,2000
WI,marinette,55075,8676,10535,710,2000
WI,marquette,55077,3437,3522,235,2000
WI,menominee,55078,949,225,59,2000
WI,milwaukee,55079,252329,163491,17717,2000
WI,monroe,55081,7460,8217,658,2000
WI,oconto,55083,7260,8706,630,2000
WI,oneida,55085,8339,9512,1040,2000
WI,outagamie,55087,32735,39460,3547,2000
WI,ozaukee,55089,15030,31155,1566,2000
WI,pepin,55091,1854,1631,179,2000
WI,pierce,55093,8559,8169,1234,2000
WI,polk,55095,8961,9557,1244,2000
WI,portage,55097,17942,13214,2604,2000
WI,price,55099,3413,4136,381,2000
WI,racine,55101,41563,44014,3288,2000
WI,richland,55103,3837,3994,462,2000
WI,rock,55105,40472,27467,2465,2000
WI,rusk,55107,3161,3758,447,2000
WI,st. croix,55109,13077,15240,1637,2000
WI,sauk,55111,13035,11586,1032,2000
WI,sawyer,55113,3333,3972,462,2000
WI,shawano,55115,7335,9548,720,2000
WI,sheboygan,55117,23569,29648,1984,2000
WI,taylor,55119,3254,5278,460,2000
WI,trempealeau,55121,6678,5002,488,2000
WI,vernon,55123,6577,5684,783,2000
WI,vilas,55125,4706,6958,658,2000
WI,walworth,55127,15492,22982,1984,2000
WI,washburn,55129,3695,3912,438,2000
WI,washington,55131,18115,41162,2135,2000
WI,waukesha,55133,64319,133105,6310,2000
WI,waupaca,55135,8787,12980,1037,2000
WI,waushara,55137,4239,5571,438,2000
WI,winnebago,55139,33983,38330,3767,2000
WI,wood,55141,15936,17803,2022,2000
WY,albany,56001,5069,7814,1268,2000
WY,big horn,56003,1004,3720,194,2000
WY,campbell,56005,1967,10203,370,2000
WY,carbon,56007,2206,4498,264,2000
WY,converse,56009,1076,3919,180,2000
WY,crook,56011,361,2289,88,2000
WY,fremont,56013,4172,10560,712,2000
WY,goshen,56015,1439,3922,159,2000
WY,johnson,56019,555,2886,109,2000
WY,laramie,56021,12162,21797,1364,2000
WY,lincoln,56023,1184,5415,246,2000
WY,natrona,56025,8646,18439,1303,2000
WY,niobrara,56027,190,888,49,2000
WY,park,56029,2424,9884,528,2000
WY,platte,56031,1249,2925,199,2000
WY,sheridan,56033,3330,8424,482,2000
WY,sublette,56035,458,2624,134,2000
WY,sweetwater,56037,5521,9425,745,2000
WY,teton,56039,4019,5454,958,2000
WY,uinta,56041,1650,5469,299,2000
WY,washakie,56043,806,3138,107,2000
WY,weston,56045,449,2521,90,2000
